"url","kinds","sources","last_modified","http_status","final_url","reachable","content_type","error"
"https://www.talkspace.ng/","sitemap_page|content_page","sitemap|wordpress_rest","2026-05-28T14:59:28+00:00","429","https://www.talkspace.ng/","false","text/html; charset=UTF-8",""
"https://www.talkspace.ng/_mg_9028_transcpr","media_attachment","wordpress_rest","2022-12-14T16:10:34","429","https://www.talkspace.ng/_mg_9028_transcpr","false","text/html; charset=UTF-8",""
"https://www.talkspace.ng/_mg_9039_transcpr","media_attachment","wordpress_rest","2022-12-14T16:10:52","429","https://www.talkspace.ng/_mg_9039_transcpr","false","text/html; charset=UTF-8",""
"https://www.talkspace.ng/_mg_9049_transcpr","media_attachment","wordpress_rest","2022-12-14T16:11:10","429","https://www.talkspace.ng/_mg_9049_transcpr","false","text/html; charset=UTF-8",""
"https://www.talkspace.ng/_mg_9050_transcpr","media_attachment","wordpress_rest","2022-12-14T16:11:26","429","https://www.talkspace.ng/_mg_9050_transcpr","false","text/html; charset=UTF-8",""
"https://www.talkspace.ng/_mg_9051_transcpr","media_attachment","wordpress_rest","2022-12-14T16:11:43","429","https://www.talkspace.ng/_mg_9051_transcpr","false","text/html; charset=UTF-8",""
"https://www.talkspace.ng/1_dlpetga3vepdkdkc20wy1g-1","media_attachment","wordpress_rest","2024-04-02T20:19:31","429","https://www.talkspace.ng/1_dlpetga3vepdkdkc20wy1g-1","false","text/html; charset=UTF-8",""
"https://www.talkspace.ng/26e1c64f-ded0-493a-b8fe-a76614ce69b9","media_attachment","wordpress_rest","2022-12-14T16:52:55","429","https://www.talkspace.ng/26e1c64f-ded0-493a-b8fe-a76614ce69b9","false","text/html; charset=UTF-8",""
"https://www.talkspace.ng/3aa17d87-f59e-4a84-b83a-5a7ddb6dae92","media_attachment","wordpress_rest","2022-12-14T16:52:11","429","https://www.talkspace.ng/3aa17d87-f59e-4a84-b83a-5a7ddb6dae92","false","text/html; charset=UTF-8",""
"https://www.talkspace.ng/404-2","sitemap_page|content_page","sitemap|wordpress_rest","2024-03-17T18:20:23+00:00","429","https://www.talkspace.ng/404-2","false","text/html; charset=UTF-8",""
"https://www.talkspace.ng/4fef253b-6297-4e5d-ac62-9c587981e134","media_attachment","wordpress_rest","2022-12-14T16:19:13","429","https://www.talkspace.ng/4fef253b-6297-4e5d-ac62-9c587981e134","false","text/html; charset=UTF-8",""
"https://www.talkspace.ng/578a0c9d-e184-4dc8-b196-763b967872ff","media_attachment","wordpress_rest","2022-12-14T16:53:45","429","https://www.talkspace.ng/578a0c9d-e184-4dc8-b196-763b967872ff","false","text/html; charset=UTF-8",""
"https://www.talkspace.ng/5e266b59-e276-44a4-a86a-e71775567d55","media_attachment","wordpress_rest","2022-12-14T16:52:13","429","https://www.talkspace.ng/5e266b59-e276-44a4-a86a-e71775567d55","false","text/html; charset=UTF-8",""
"https://www.talkspace.ng/7-signs-your-spouse-is-emotionally-cheating-on-you","sitemap_post|content_post","sitemap|wordpress_rest","2024-08-03T07:53:56+00:00","200","https://www.talkspace.ng/7-signs-your-spouse-is-emotionally-cheating-on-you","true","text/html; charset=UTF-8",""
"https://www.talkspace.ng/7-signs-your-spouse-is-emotionally-cheating-on-you/istockphoto-1398057680-612x612","media_attachment","wordpress_rest","2023-08-27T14:42:14","429","https://www.talkspace.ng/7-signs-your-spouse-is-emotionally-cheating-on-you/istockphoto-1398057680-612x612","false","text/html; charset=UTF-8",""
"https://www.talkspace.ng/83d6f8ea-0976-4299-8038-798731be072f","media_attachment","wordpress_rest","2022-12-14T16:54:42","429","https://www.talkspace.ng/83d6f8ea-0976-4299-8038-798731be072f","false","text/html; charset=UTF-8",""
"https://www.talkspace.ng/9-principles-that-make-marriage-work","sitemap_post|content_post","sitemap|wordpress_rest","2024-04-09T02:15:27+00:00","429","https://www.talkspace.ng/9-principles-that-make-marriage-work","false","text/html; charset=UTF-8",""
"https://www.talkspace.ng/9-principles-that-make-marriage-work/shot-of-an-affectionate-young-couple-bonding-together-outdoors","media_attachment","wordpress_rest","2023-04-05T15:13:38","429","https://www.talkspace.ng/9-principles-that-make-marriage-work/shot-of-an-affectionate-young-couple-bonding-together-outdoors","false","text/html; charset=UTF-8",""
"https://www.talkspace.ng/a21215ca-af8f-44f1-bc59-45b30a3f434f","media_attachment","wordpress_rest","2022-12-14T16:55:57","429","https://www.talkspace.ng/a21215ca-af8f-44f1-bc59-45b30a3f434f","false","text/html; charset=UTF-8",""
"https://www.talkspace.ng/a4ec305c-7e0c-4aba-ac9b-15b83f70a2a3","media_attachment","wordpress_rest","2022-12-14T16:55:22","429","https://www.talkspace.ng/a4ec305c-7e0c-4aba-ac9b-15b83f70a2a3","false","text/html; charset=UTF-8",""
"https://www.talkspace.ng/accessibility-statement","sitemap_page|content_page","sitemap|wordpress_rest","2025-07-03T02:43:49+00:00","429","https://www.talkspace.ng/accessibility-statement","false","text/html; charset=UTF-8",""
"https://www.talkspace.ng/af052b30-4580-48e8-93ad-1eabab82ba50","media_attachment","wordpress_rest","2022-12-14T16:56:13","429","https://www.talkspace.ng/af052b30-4580-48e8-93ad-1eabab82ba50","false","text/html; charset=UTF-8",""
"https://www.talkspace.ng/affair-proof-your-marriage","sitemap_post|content_post","sitemap|wordpress_rest","2024-04-09T02:29:27+00:00","200","https://www.talkspace.ng/affair-proof-your-marriage","true","text/html; charset=UTF-8",""
"https://www.talkspace.ng/affirming-your-spouse","sitemap_post|content_post","sitemap|wordpress_rest","2024-04-09T02:40:55+00:00","200","https://www.talkspace.ng/affirming-your-spouse","true","text/html; charset=UTF-8",""
"https://www.talkspace.ng/affirming-your-spouse/your-wifes-3-relationship-nonnegotiables_1040x326-1024x321","media_attachment","wordpress_rest","2022-11-30T15:07:49","429","https://www.talkspace.ng/affirming-your-spouse/your-wifes-3-relationship-nonnegotiables_1040x326-1024x321","false","text/html; charset=UTF-8",""
"https://www.talkspace.ng/am-i-ready-to-date-what-you-need-to-know-part-1","sitemap_post|content_post","sitemap|wordpress_rest","2024-04-09T02:27:29+00:00","200","https://www.talkspace.ng/am-i-ready-to-date-what-you-need-to-know-part-1","true","text/html; charset=UTF-8",""
"https://www.talkspace.ng/andrew-itaga-ehxtoxl1h-e-unsplash-370x265-jpg","media_attachment","wordpress_rest","2022-11-30T15:06:59","429","https://www.talkspace.ng/andrew-itaga-ehxtoxl1h-e-unsplash-370x265-jpg","false","text/html; charset=UTF-8",""
"https://www.talkspace.ng/are-you-always-fighting-dont-worry-we-can-help","sitemap_post|content_post","sitemap|wordpress_rest","2024-04-09T02:05:38+00:00","429","https://www.talkspace.ng/are-you-always-fighting-dont-worry-we-can-help","false","text/html; charset=UTF-8",""
"https://www.talkspace.ng/b5fd9df8-7387-4656-b892-29e229f2b921","media_attachment","wordpress_rest","2022-12-14T16:59:11","429","https://www.talkspace.ng/b5fd9df8-7387-4656-b892-29e229f2b921","false","text/html; charset=UTF-8",""
"https://www.talkspace.ng/b8dbe68b-99e3-426d-abb7-925b24d29e13","media_attachment","wordpress_rest","2024-07-16T23:18:18","429","https://www.talkspace.ng/b8dbe68b-99e3-426d-abb7-925b24d29e13","false","text/html; charset=UTF-8",""
"https://www.talkspace.ng/beyondsilence","sitemap_post|content_post","sitemap|wordpress_rest","2025-06-15T04:54:32+00:00","200","https://www.talkspace.ng/beyondsilence","true","text/html; charset=UTF-8",""
"https://www.talkspace.ng/beyondsilence/fa91f352-ca9c-4e15-999b-0afbc6b07123","media_attachment","wordpress_rest","2025-06-15T04:38:11","429","https://www.talkspace.ng/beyondsilence/fa91f352-ca9c-4e15-999b-0afbc6b07123","false","text/html; charset=UTF-8",""
"https://www.talkspace.ng/blogs","sitemap_page|content_page","sitemap|wordpress_rest","2026-05-28T19:32:43+00:00","429","https://www.talkspace.ng/blogs","false","text/html; charset=UTF-8",""
"https://www.talkspace.ng/boundaries-in-relationships-why-it-matters-for-your-mental-health","sitemap_post|content_post","sitemap|wordpress_rest","2024-04-09T02:06:12+00:00","429","https://www.talkspace.ng/boundaries-in-relationships-why-it-matters-for-your-mental-health","false","text/html; charset=UTF-8",""
"https://www.talkspace.ng/boundaries-in-relationships-why-it-matters-for-your-mental-health/istockphoto-1182426558-612x612","media_attachment","wordpress_rest","2023-05-07T17:20:47","429","https://www.talkspace.ng/boundaries-in-relationships-why-it-matters-for-your-mental-health/istockphoto-1182426558-612x612","false","text/html; charset=UTF-8",""
"https://www.talkspace.ng/breaking-free-from-unhealthy-soul-ties","sitemap_post|content_post","sitemap|wordpress_rest","2024-04-09T02:23:52+00:00","429","https://www.talkspace.ng/breaking-free-from-unhealthy-soul-ties","false","text/html; charset=UTF-8",""
"https://www.talkspace.ng/breaking-free-from-unhealthy-soul-ties/angry-millennial-black-couple-shouting-blaming-each-other-frustrated-stressed-husband-annoyed-wife-quarreling-bad-207842978","media_attachment","wordpress_rest","2022-11-30T15:07:58","429","https://www.talkspace.ng/breaking-free-from-unhealthy-soul-ties/angry-millennial-black-couple-shouting-blaming-each-other-frustrated-stressed-husband-annoyed-wife-quarreling-bad-207842978","false","text/html; charset=UTF-8",""
"https://www.talkspace.ng/building-lasting-relationships-in-your-workplace","sitemap_post|content_post","sitemap|wordpress_rest","2024-08-03T08:15:45+00:00","200","https://www.talkspace.ng/building-lasting-relationships-in-your-workplace","true","text/html; charset=UTF-8",""
"https://www.talkspace.ng/building-lasting-relationships-in-your-workplace/shot-of-colleagues-having-a-brainstorming-session-with-sticky-notes-at-work","media_attachment","wordpress_rest","2023-07-31T11:28:44","429","https://www.talkspace.ng/building-lasting-relationships-in-your-workplace/shot-of-colleagues-having-a-brainstorming-session-with-sticky-notes-at-work","false","text/html; charset=UTF-8",""
"https://www.talkspace.ng/casson_logo-removebg-preview-1","media_attachment","wordpress_rest","2024-02-21T23:19:11","429","https://www.talkspace.ng/casson_logo-removebg-preview-1","false","text/html; charset=UTF-8",""
"https://www.talkspace.ng/category/activities","sitemap_category|content_category","sitemap|wordpress_rest","2024-04-09T02:46:46+00:00","429","https://www.talkspace.ng/category/activities","false","text/html; charset=UTF-8",""
"https://www.talkspace.ng/category/news","sitemap_category|content_category","sitemap|wordpress_rest","2026-03-06T10:37:39+00:00","429","https://www.talkspace.ng/category/news","false","text/html; charset=UTF-8",""
"https://www.talkspace.ng/category/quote","content_category","wordpress_rest","","429","https://www.talkspace.ng/category/quote","false","text/html; charset=UTF-8",""
"https://www.talkspace.ng/category/rest","content_category","wordpress_rest","","429","https://www.talkspace.ng/category/rest","false","text/html; charset=UTF-8",""
"https://www.talkspace.ng/category/services","content_category","wordpress_rest","","429","https://www.talkspace.ng/category/services","false","text/html; charset=UTF-8",""
"https://www.talkspace.ng/category/tour","content_category","wordpress_rest","","429","https://www.talkspace.ng/category/tour","false","text/html; charset=UTF-8",""
"https://www.talkspace.ng/category/uncategorized","sitemap_category|content_category","sitemap|wordpress_rest","2024-04-09T02:22:39+00:00","429","https://www.talkspace.ng/category/uncategorized","false","text/html; charset=UTF-8",""
"https://www.talkspace.ng/checklist-of-a-successful-marriage","sitemap_post|content_post","sitemap|wordpress_rest","2024-04-09T02:39:12+00:00","200","https://www.talkspace.ng/checklist-of-a-successful-marriage","true","text/html; charset=UTF-8",""
"https://www.talkspace.ng/checklist-of-a-successful-marriage/checklist-3679741_1280","media_attachment","wordpress_rest","2022-11-30T15:07:46","429","https://www.talkspace.ng/checklist-of-a-successful-marriage/checklist-3679741_1280","false","text/html; charset=UTF-8",""
"https://www.talkspace.ng/choose-wisely-we-only-get-time-and-choice","sitemap_post|content_post","sitemap|wordpress_rest","2026-03-06T10:37:39+00:00","200","https://www.talkspace.ng/choose-wisely-we-only-get-time-and-choice","true","text/html; charset=UTF-8",""
"https://www.talkspace.ng/choose-wisely-we-only-get-time-and-choice/gemini_generated_image_g9n8hag9n8hag9n8","media_attachment","wordpress_rest","2025-12-24T12:13:46","429","https://www.talkspace.ng/choose-wisely-we-only-get-time-and-choice/gemini_generated_image_g9n8hag9n8hag9n8","false","text/html; charset=UTF-8",""
"https://www.talkspace.ng/christian-counseling","sitemap_post|content_post","sitemap|wordpress_rest","2024-04-09T02:19:26+00:00","429","https://www.talkspace.ng/christian-counseling","false","text/html; charset=UTF-8",""
"https://www.talkspace.ng/christian-counseling/group-of-african-americans-attending-church-and-listening-to-a-pastor-speak","media_attachment","wordpress_rest","2023-03-20T16:03:29","429","https://www.talkspace.ng/christian-counseling/group-of-african-americans-attending-church-and-listening-to-a-pastor-speak","false","text/html; charset=UTF-8",""
"https://www.talkspace.ng/co-dependence-in-relationships","sitemap_post|content_post","sitemap|wordpress_rest","2024-08-03T09:29:36+00:00","200","https://www.talkspace.ng/co-dependence-in-relationships","true","text/html; charset=UTF-8",""
"https://www.talkspace.ng/co-dependence-in-relationships/istockphoto-1369119485-612x612","media_attachment","wordpress_rest","2023-06-17T16:36:06","429","https://www.talkspace.ng/co-dependence-in-relationships/istockphoto-1369119485-612x612","false","text/html; charset=UTF-8",""
"https://www.talkspace.ng/contact-08099931039-for-professional-guidance-and-support","sitemap_page|content_page","sitemap|wordpress_rest","2026-05-28T19:32:39+00:00","429","https://www.talkspace.ng/contact-08099931039-for-professional-guidance-and-support","false","text/html; charset=UTF-8",""
"https://www.talkspace.ng/counseling-services","sitemap_page|content_page","sitemap|wordpress_rest","2026-05-28T21:03:22+00:00","429","https://www.talkspace.ng/counseling-services","false","text/html; charset=UTF-8",""
"https://www.talkspace.ng/counseling-services/2836bff3-0f11-45da-8774-0c1b1b0f9986","media_attachment","wordpress_rest","2023-11-29T17:42:51","429","https://www.talkspace.ng/counseling-services/2836bff3-0f11-45da-8774-0c1b1b0f9986","false","text/html; charset=UTF-8",""
"https://www.talkspace.ng/counseling-services/dsc_5517","media_attachment","wordpress_rest","2022-12-07T10:45:51","429","https://www.talkspace.ng/counseling-services/dsc_5517","false","text/html; charset=UTF-8",""
"https://www.talkspace.ng/counseling-services/dsc_5724","media_attachment","wordpress_rest","2022-12-07T10:48:32","429","https://www.talkspace.ng/counseling-services/dsc_5724","false","text/html; charset=UTF-8",""
"https://www.talkspace.ng/counseling-services/ed72b609-bc64-4696-8b6e-a10c36e79eae","media_attachment","wordpress_rest","2023-11-29T17:44:18","429","https://www.talkspace.ng/counseling-services/ed72b609-bc64-4696-8b6e-a10c36e79eae","false","text/html; charset=UTF-8",""
"https://www.talkspace.ng/counseling-services/sound-relationship-house","media_attachment","wordpress_rest","2023-11-29T17:12:02","429","https://www.talkspace.ng/counseling-services/sound-relationship-house","false","text/html; charset=UTF-8",""
"https://www.talkspace.ng/counseling-services/talk-space-web-design-2-min-2","media_attachment","wordpress_rest","2023-05-20T12:30:44","429","https://www.talkspace.ng/counseling-services/talk-space-web-design-2-min-2","false","text/html; charset=UTF-8",""
"https://www.talkspace.ng/couple-on-a-valentines-day-date","media_attachment","wordpress_rest","2023-02-14T14:10:24","429","https://www.talkspace.ng/couple-on-a-valentines-day-date","false","text/html; charset=UTF-8",""
"https://www.talkspace.ng/criticism-the-most-deadly-patterns-that-destroys-relationships","sitemap_post|content_post","sitemap|wordpress_rest","2024-04-09T02:07:56+00:00","429","https://www.talkspace.ng/criticism-the-most-deadly-patterns-that-destroys-relationships","false","text/html; charset=UTF-8",""
"https://www.talkspace.ng/criticism-the-most-deadly-patterns-that-destroys-relationships/istockphoto-1249348580-612x612","media_attachment","wordpress_rest","2023-05-01T17:23:18","429","https://www.talkspace.ng/criticism-the-most-deadly-patterns-that-destroys-relationships/istockphoto-1249348580-612x612","false","text/html; charset=UTF-8",""
"https://www.talkspace.ng/cropped-cropped-talk-space_-2-e1670011818509-png","media_attachment","wordpress_rest","2023-11-29T17:50:06","429","https://www.talkspace.ng/cropped-cropped-talk-space_-2-e1670011818509-png","false","text/html; charset=UTF-8",""
"https://www.talkspace.ng/cropped-talk-space_-2-e1670011818509-png","media_attachment","wordpress_rest","2023-04-10T08:34:37","429","https://www.talkspace.ng/cropped-talk-space_-2-e1670011818509-png","false","text/html; charset=UTF-8",""
"https://www.talkspace.ng/crushing-your-goals-in-2018","sitemap_post|content_post","sitemap|wordpress_rest","2024-04-09T02:46:46+00:00","200","https://www.talkspace.ng/crushing-your-goals-in-2018","true","text/html; charset=UTF-8",""
"https://www.talkspace.ng/crushing-your-goals-in-2018/5-4-crushyourgoals_301451067","media_attachment","wordpress_rest","2022-11-30T15:07:45","429","https://www.talkspace.ng/crushing-your-goals-in-2018/5-4-crushyourgoals_301451067","false","text/html; charset=UTF-8",""
"https://www.talkspace.ng/d18ba252-ac47-4f8f-a6ef-117263708a16","media_attachment","wordpress_rest","2022-12-14T16:51:08","429","https://www.talkspace.ng/d18ba252-ac47-4f8f-a6ef-117263708a16","false","text/html; charset=UTF-8",""
"https://www.talkspace.ng/d790c696-5ffa-453b-98b0-b931aabb5361","media_attachment","wordpress_rest","2022-12-14T16:51:11","429","https://www.talkspace.ng/d790c696-5ffa-453b-98b0-b931aabb5361","false","text/html; charset=UTF-8",""
"https://www.talkspace.ng/d8a32595-2a20-4e22-99d6-08e7e3d9d4af","media_attachment","wordpress_rest","2022-12-14T16:51:06","429","https://www.talkspace.ng/d8a32595-2a20-4e22-99d6-08e7e3d9d4af","false","text/html; charset=UTF-8",""
"https://www.talkspace.ng/dbdb55d9-451f-4fcc-a1e7-1f8e2e8f3fdd","media_attachment","wordpress_rest","2022-12-14T16:51:16","429","https://www.talkspace.ng/dbdb55d9-451f-4fcc-a1e7-1f8e2e8f3fdd","false","text/html; charset=UTF-8",""
"https://www.talkspace.ng/discover-the-shocking-truths-of-why-more-marriages-will-fail","sitemap_post|content_post","sitemap|wordpress_rest","2024-04-09T02:17:37+00:00","429","https://www.talkspace.ng/discover-the-shocking-truths-of-why-more-marriages-will-fail","false","text/html; charset=UTF-8",""
"https://www.talkspace.ng/discover-the-shocking-truths-of-why-more-marriages-will-fail/istockphoto-1137632848-612x612","media_attachment","wordpress_rest","2023-03-13T08:27:31","429","https://www.talkspace.ng/discover-the-shocking-truths-of-why-more-marriages-will-fail/istockphoto-1137632848-612x612","false","text/html; charset=UTF-8",""
"https://www.talkspace.ng/dont-give-up-reigniting-the-flame","sitemap_post|content_post","sitemap|wordpress_rest","2024-08-03T07:47:27+00:00","200","https://www.talkspace.ng/dont-give-up-reigniting-the-flame","true","text/html; charset=UTF-8",""
"https://www.talkspace.ng/dont-give-up-reigniting-the-flame/istockphoto-1430927032-612x612","media_attachment","wordpress_rest","2023-09-11T18:52:32","429","https://www.talkspace.ng/dont-give-up-reigniting-the-flame/istockphoto-1430927032-612x612","false","text/html; charset=UTF-8",""
"https://www.talkspace.ng/dont-give-up-reigniting-the-flame/its-all-in-the-kiss","media_attachment","wordpress_rest","2023-09-15T15:57:04","429","https://www.talkspace.ng/dont-give-up-reigniting-the-flame/its-all-in-the-kiss","false","text/html; charset=UTF-8",""
"https://www.talkspace.ng/dsc_5472","media_attachment","wordpress_rest","2022-12-14T14:28:12","429","https://www.talkspace.ng/dsc_5472","false","text/html; charset=UTF-8",""
"https://www.talkspace.ng/end-financial-disagreements-in-your-relationship","sitemap_post|content_post","sitemap|wordpress_rest","2024-04-09T02:04:26+00:00","429","https://www.talkspace.ng/end-financial-disagreements-in-your-relationship","false","text/html; charset=UTF-8",""
"https://www.talkspace.ng/end-financial-disagreements-in-your-relationship/istockphoto-1169508931-612x612","media_attachment","wordpress_rest","2023-05-07T18:55:37","429","https://www.talkspace.ng/end-financial-disagreements-in-your-relationship/istockphoto-1169508931-612x612","false","text/html; charset=UTF-8",""
"https://www.talkspace.ng/equality-in-marital-relationships","sitemap_post|content_post","sitemap|wordpress_rest","2024-04-09T02:03:48+00:00","429","https://www.talkspace.ng/equality-in-marital-relationships","false","text/html; charset=UTF-8",""
"https://www.talkspace.ng/equality-in-marital-relationships/istockphoto-1334745272-612x612","media_attachment","wordpress_rest","2023-05-21T18:57:50","429","https://www.talkspace.ng/equality-in-marital-relationships/istockphoto-1334745272-612x612","false","text/html; charset=UTF-8",""
"https://www.talkspace.ng/everybody-go-dey-alright","sitemap_post|content_post","sitemap|wordpress_rest","2025-03-16T16:58:25+00:00","200","https://www.talkspace.ng/everybody-go-dey-alright","true","text/html; charset=UTF-8",""
"https://www.talkspace.ng/everybody-go-dey-alright/black-woman-appears-be-pain-grey-background_731930-148402","media_attachment","wordpress_rest","2025-03-16T16:57:36","429","https://www.talkspace.ng/everybody-go-dey-alright/black-woman-appears-be-pain-grey-background_731930-148402","false","text/html; charset=UTF-8",""
"https://www.talkspace.ng/expectations-in-a-relationship","sitemap_post|content_post","sitemap|wordpress_rest","2024-04-09T02:20:10+00:00","429","https://www.talkspace.ng/expectations-in-a-relationship","false","text/html; charset=UTF-8",""
"https://www.talkspace.ng/fault-finding-in-relationships","sitemap_post|content_post","sitemap|wordpress_rest","2024-08-03T09:30:12+00:00","200","https://www.talkspace.ng/fault-finding-in-relationships","true","text/html; charset=UTF-8",""
"https://www.talkspace.ng/fault-finding-in-relationships/istockphoto-1286524948-612x612","media_attachment","wordpress_rest","2023-06-17T18:06:25","429","https://www.talkspace.ng/fault-finding-in-relationships/istockphoto-1286524948-612x612","false","text/html; charset=UTF-8",""
"https://www.talkspace.ng/forgiveness-key-to-building-healthy-relationships","sitemap_post|content_post","sitemap|wordpress_rest","2024-04-09T02:25:17+00:00","200","https://www.talkspace.ng/forgiveness-key-to-building-healthy-relationships","true","text/html; charset=UTF-8",""
"https://www.talkspace.ng/forgiveness-key-to-building-healthy-relationships/forgiveness","media_attachment","wordpress_rest","2022-11-30T15:07:50","429","https://www.talkspace.ng/forgiveness-key-to-building-healthy-relationships/forgiveness","false","text/html; charset=UTF-8",""
"https://www.talkspace.ng/give-your-marriage-a-second-chance","sitemap_post|content_post","sitemap|wordpress_rest","2024-04-09T02:21:51+00:00","429","https://www.talkspace.ng/give-your-marriage-a-second-chance","false","text/html; charset=UTF-8",""
"https://www.talkspace.ng/give-your-marriage-a-second-chance/istockphoto-1191861163-612x612","media_attachment","wordpress_rest","2023-02-13T16:52:35","429","https://www.talkspace.ng/give-your-marriage-a-second-chance/istockphoto-1191861163-612x612","false","text/html; charset=UTF-8",""
"https://www.talkspace.ng/good-comm-370x265-jpg","media_attachment","wordpress_rest","2022-11-30T15:07:04","429","https://www.talkspace.ng/good-comm-370x265-jpg","false","text/html; charset=UTF-8",""
"https://www.talkspace.ng/good-communication-precedes-good-sex","sitemap_post|content_post","sitemap|wordpress_rest","2024-04-09T02:43:38+00:00","200","https://www.talkspace.ng/good-communication-precedes-good-sex","true","text/html; charset=UTF-8",""
"https://www.talkspace.ng/good-franklin-370x265-png","media_attachment","wordpress_rest","2022-11-30T15:06:57","429","https://www.talkspace.ng/good-franklin-370x265-png","false","text/html; charset=UTF-8",""
"https://www.talkspace.ng/gottman-method-trainer-web-badges_l2_v1-1","media_attachment","wordpress_rest","2024-02-21T23:00:23","429","https://www.talkspace.ng/gottman-method-trainer-web-badges_l2_v1-1","false","text/html; charset=UTF-8",""
"https://www.talkspace.ng/h4-blog-img-1-370x265-jpg","media_attachment","wordpress_rest","2022-11-30T15:07:02","429","https://www.talkspace.ng/h4-blog-img-1-370x265-jpg","false","text/html; charset=UTF-8",""
"https://www.talkspace.ng/happiness-in-the-workplace","sitemap_post|content_post","sitemap|wordpress_rest","2024-04-09T02:14:34+00:00","429","https://www.talkspace.ng/happiness-in-the-workplace","false","text/html; charset=UTF-8",""
"https://www.talkspace.ng/happiness-in-the-workplace/istockphoto-1464442345-612x612","media_attachment","wordpress_rest","2023-04-10T06:44:49","429","https://www.talkspace.ng/happiness-in-the-workplace/istockphoto-1464442345-612x612","false","text/html; charset=UTF-8",""
"https://www.talkspace.ng/happiness-in-the-workplace/providing-a-solid-support-structure","media_attachment","wordpress_rest","2023-04-10T06:58:21","429","https://www.talkspace.ng/happiness-in-the-workplace/providing-a-solid-support-structure","false","text/html; charset=UTF-8",""
"https://www.talkspace.ng/happy-18th-wedding-anniversary","sitemap_post|content_post","sitemap|wordpress_rest","2024-08-03T07:51:09+00:00","200","https://www.talkspace.ng/happy-18th-wedding-anniversary","true","text/html; charset=UTF-8",""
"https://www.talkspace.ng/happy-black-couple-hugging-in-counselor-office","media_attachment","wordpress_rest","2025-03-16T16:24:40","429","https://www.talkspace.ng/happy-black-couple-hugging-in-counselor-office","false","text/html; charset=UTF-8",""
"https://www.talkspace.ng/happy-couple-online","media_attachment","wordpress_rest","2024-08-10T06:45:54","429","https://www.talkspace.ng/happy-couple-online","false","text/html; charset=UTF-8",""
"https://www.talkspace.ng/how-to-build-commitment-in-a-long-term-relationship","sitemap_post|content_post","sitemap|wordpress_rest","2024-04-09T02:02:16+00:00","429","https://www.talkspace.ng/how-to-build-commitment-in-a-long-term-relationship","false","text/html; charset=UTF-8",""
"https://www.talkspace.ng/how-to-build-commitment-in-a-long-term-relationship/istockphoto-1463859644-612x612","media_attachment","wordpress_rest","2023-05-23T15:17:00","429","https://www.talkspace.ng/how-to-build-commitment-in-a-long-term-relationship/istockphoto-1463859644-612x612","false","text/html; charset=UTF-8",""
"https://www.talkspace.ng/how-to-build-trust-and-commitment-in-relationships","sitemap_post|content_post","sitemap|wordpress_rest","2024-08-03T09:36:42+00:00","200","https://www.talkspace.ng/how-to-build-trust-and-commitment-in-relationships","true","text/html; charset=UTF-8",""
"https://www.talkspace.ng/how-to-build-trust-and-commitment-in-relationships/istockphoto-1227312046-612x612","media_attachment","wordpress_rest","2024-02-07T00:50:01","429","https://www.talkspace.ng/how-to-build-trust-and-commitment-in-relationships/istockphoto-1227312046-612x612","false","text/html; charset=UTF-8",""
"https://www.talkspace.ng/how-to-deal-with-the-grief-of-a-breakup","sitemap_post|content_post","sitemap|wordpress_rest","2024-04-09T02:05:04+00:00","429","https://www.talkspace.ng/how-to-deal-with-the-grief-of-a-breakup","false","text/html; charset=UTF-8",""
"https://www.talkspace.ng/how-to-deal-with-the-grief-of-a-breakup/istockphoto-1191634812-612x612","media_attachment","wordpress_rest","2023-05-07T17:52:15","429","https://www.talkspace.ng/how-to-deal-with-the-grief-of-a-breakup/istockphoto-1191634812-612x612","false","text/html; charset=UTF-8",""
"https://www.talkspace.ng/how-to-fix-your-relationship-today","media_attachment","wordpress_rest","2024-04-06T09:44:46","429","https://www.talkspace.ng/how-to-fix-your-relationship-today","false","text/html; charset=UTF-8",""
"https://www.talkspace.ng/how-to-make-forgiveness-possible-in-any-relationship","sitemap_post|content_post","sitemap|wordpress_rest","2024-04-09T02:12:39+00:00","429","https://www.talkspace.ng/how-to-make-forgiveness-possible-in-any-relationship","false","text/html; charset=UTF-8",""
"https://www.talkspace.ng/how-to-make-forgiveness-possible-in-any-relationship/istockphoto-1328878155-612x612","media_attachment","wordpress_rest","2023-04-09T17:18:27","429","https://www.talkspace.ng/how-to-make-forgiveness-possible-in-any-relationship/istockphoto-1328878155-612x612","false","text/html; charset=UTF-8",""
"https://www.talkspace.ng/how-to-make-valentines-day-special","sitemap_post|content_post","sitemap|wordpress_rest","2024-04-09T02:20:52+00:00","429","https://www.talkspace.ng/how-to-make-valentines-day-special","false","text/html; charset=UTF-8",""
"https://www.talkspace.ng/how-to-make-valentines-day-special/val","media_attachment","wordpress_rest","2023-02-14T17:03:35","429","https://www.talkspace.ng/how-to-make-valentines-day-special/val","false","text/html; charset=UTF-8",""
"https://www.talkspace.ng/how-to-reawaken-romance-in-your-marriage-now","sitemap_post|content_post","sitemap|wordpress_rest","2024-04-09T02:03:11+00:00","429","https://www.talkspace.ng/how-to-reawaken-romance-in-your-marriage-now","false","text/html; charset=UTF-8",""
"https://www.talkspace.ng/how-to-reawaken-romance-in-your-marriage-now/istockphoto-1430847777-612x612","media_attachment","wordpress_rest","2023-05-21T19:45:44","429","https://www.talkspace.ng/how-to-reawaken-romance-in-your-marriage-now/istockphoto-1430847777-612x612","false","text/html; charset=UTF-8",""
"https://www.talkspace.ng/img_4134","media_attachment","wordpress_rest","2022-12-14T04:10:06","429","https://www.talkspace.ng/img_4134","false","text/html; charset=UTF-8",""
"https://www.talkspace.ng/improve-compromise-skills-exercises","sitemap_post|content_post","sitemap|wordpress_rest","2024-04-09T02:09:08+00:00","429","https://www.talkspace.ng/improve-compromise-skills-exercises","false","text/html; charset=UTF-8",""
"https://www.talkspace.ng/improve-compromise-skills-exercises/istockphoto-1480620553-612x612","media_attachment","wordpress_rest","2023-04-16T21:08:08","429","https://www.talkspace.ng/improve-compromise-skills-exercises/istockphoto-1480620553-612x612","false","text/html; charset=UTF-8",""
"https://www.talkspace.ng/incompatibility-not-good-enough-reason-for-divorce","sitemap_post|content_post","sitemap|wordpress_rest","2024-04-09T02:13:16+00:00","429","https://www.talkspace.ng/incompatibility-not-good-enough-reason-for-divorce","false","text/html; charset=UTF-8",""
"https://www.talkspace.ng/incompatibility-not-good-enough-reason-for-divorce/frustrated-african-american-parents-arguing-at-home","media_attachment","wordpress_rest","2023-04-09T16:08:42","429","https://www.talkspace.ng/incompatibility-not-good-enough-reason-for-divorce/frustrated-african-american-parents-arguing-at-home","false","text/html; charset=UTF-8",""
"https://www.talkspace.ng/instagram-post-1080x1080-px-91","media_attachment","wordpress_rest","2024-01-09T14:26:20","429","https://www.talkspace.ng/instagram-post-1080x1080-px-91","false","text/html; charset=UTF-8",""
"https://www.talkspace.ng/intentional-parenting-tips-to-live-by","sitemap_post|content_post","sitemap|wordpress_rest","2024-04-09T02:39:42+00:00","200","https://www.talkspace.ng/intentional-parenting-tips-to-live-by","true","text/html; charset=UTF-8",""
"https://www.talkspace.ng/intentional-parenting-tips-to-live-by/love-child1","media_attachment","wordpress_rest","2022-11-30T15:07:35","429","https://www.talkspace.ng/intentional-parenting-tips-to-live-by/love-child1","false","text/html; charset=UTF-8",""
"https://www.talkspace.ng/is-trauma-hindering-me-from-being-happy-in-my-relationship","sitemap_post|content_post","sitemap|wordpress_rest","2024-04-09T02:08:35+00:00","429","https://www.talkspace.ng/is-trauma-hindering-me-from-being-happy-in-my-relationship","false","text/html; charset=UTF-8",""
"https://www.talkspace.ng/is-trauma-hindering-me-from-being-happy-in-my-relationship/istockphoto-1410236100-612x612","media_attachment","wordpress_rest","2023-05-01T16:02:50","429","https://www.talkspace.ng/is-trauma-hindering-me-from-being-happy-in-my-relationship/istockphoto-1410236100-612x612","false","text/html; charset=UTF-8",""
"https://www.talkspace.ng/istockphoto-1158481668-612x612","media_attachment","wordpress_rest","2023-03-01T22:28:51","429","https://www.talkspace.ng/istockphoto-1158481668-612x612","false","text/html; charset=UTF-8",""
"https://www.talkspace.ng/istockphoto-1194214423-612x612","media_attachment","wordpress_rest","2024-02-02T10:49:10","429","https://www.talkspace.ng/istockphoto-1194214423-612x612","false","text/html; charset=UTF-8",""
"https://www.talkspace.ng/istockphoto-1256869305-612x612","media_attachment","wordpress_rest","2024-02-08T17:05:01","429","https://www.talkspace.ng/istockphoto-1256869305-612x612","false","text/html; charset=UTF-8",""
"https://www.talkspace.ng/istockphoto-1783965074-612x612-2","media_attachment","wordpress_rest","2024-02-21T12:00:14","429","https://www.talkspace.ng/istockphoto-1783965074-612x612-2","false","text/html; charset=UTF-8",""
"https://www.talkspace.ng/istockphoto-499738640-612x612","media_attachment","wordpress_rest","2024-02-02T11:22:14","429","https://www.talkspace.ng/istockphoto-499738640-612x612","false","text/html; charset=UTF-8",""
"https://www.talkspace.ng/istockphoto-598074416-612x612","media_attachment","wordpress_rest","2024-02-02T10:31:19","429","https://www.talkspace.ng/istockphoto-598074416-612x612","false","text/html; charset=UTF-8",""
"https://www.talkspace.ng/jealousy-management","sitemap_post|content_post","sitemap|wordpress_rest","2024-04-09T02:47:20+00:00","200","https://www.talkspace.ng/jealousy-management","true","text/html; charset=UTF-8",""
"https://www.talkspace.ng/jealousy-management/istockphoto-1270389648-612x612","media_attachment","wordpress_rest","2023-02-18T12:42:18","429","https://www.talkspace.ng/jealousy-management/istockphoto-1270389648-612x612","false","text/html; charset=UTF-8",""
"https://www.talkspace.ng/just-before-you-walk-down-the-aisle","sitemap_post|content_post","sitemap|wordpress_rest","2024-04-09T02:46:10+00:00","200","https://www.talkspace.ng/just-before-you-walk-down-the-aisle","true","text/html; charset=UTF-8",""
"https://www.talkspace.ng/just-before-you-walk-down-the-aisle/banner","media_attachment","wordpress_rest","2022-11-30T15:07:25","429","https://www.talkspace.ng/just-before-you-walk-down-the-aisle/banner","false","text/html; charset=UTF-8",""
"https://www.talkspace.ng/know-the-state-of-your-marriage-with-relationship-assessments","sitemap_post|content_post","sitemap|wordpress_rest","2024-04-09T02:16:00+00:00","429","https://www.talkspace.ng/know-the-state-of-your-marriage-with-relationship-assessments","false","text/html; charset=UTF-8",""
"https://www.talkspace.ng/lets-talk-about-dating-etiquette","sitemap_post|content_post","sitemap|wordpress_rest","2024-04-09T02:26:55+00:00","200","https://www.talkspace.ng/lets-talk-about-dating-etiquette","true","text/html; charset=UTF-8",""
"https://www.talkspace.ng/love-maps-the-sure-foundation-for-relationship-success-and-satisfaction","sitemap_post|content_post","sitemap|wordpress_rest","2024-08-03T09:35:40+00:00","200","https://www.talkspace.ng/love-maps-the-sure-foundation-for-relationship-success-and-satisfaction","true","text/html; charset=UTF-8",""
"https://www.talkspace.ng/love-maps-the-sure-foundation-for-relationship-success-and-satisfaction/istockphoto-172745533-612x612","media_attachment","wordpress_rest","2023-05-25T20:50:42","429","https://www.talkspace.ng/love-maps-the-sure-foundation-for-relationship-success-and-satisfaction/istockphoto-172745533-612x612","false","text/html; charset=UTF-8",""
"https://www.talkspace.ng/marriage-advice-that-guarantees-failure","sitemap_post|content_post","sitemap|wordpress_rest","2024-04-09T02:44:55+00:00","200","https://www.talkspace.ng/marriage-advice-that-guarantees-failure","true","text/html; charset=UTF-8",""
"https://www.talkspace.ng/marriage-advice-that-guarantees-failure/affair","media_attachment","wordpress_rest","2022-11-30T15:07:30","429","https://www.talkspace.ng/marriage-advice-that-guarantees-failure/affair","false","text/html; charset=UTF-8",""
"https://www.talkspace.ng/marriage-counsellors-in-nigeria","sitemap_page|content_page","sitemap|wordpress_rest","2026-05-28T16:18:01+00:00","429","https://www.talkspace.ng/marriage-counsellors-in-nigeria","false","text/html; charset=UTF-8",""
"https://www.talkspace.ng/marriage-counsellors-in-nigeria/african-american-couple-in-love-hugging-in-park","media_attachment","wordpress_rest","2023-02-08T12:20:23","429","https://www.talkspace.ng/marriage-counsellors-in-nigeria/african-american-couple-in-love-hugging-in-park","false","text/html; charset=UTF-8",""
"https://www.talkspace.ng/marriage-counsellors-in-nigeria/african-american-muslim-couple-love-balloon-african-american-muslim-couple-love-balloon-posing-cheerfully-grey-studio-209092703","media_attachment","wordpress_rest","2022-12-07T08:46:26","429","https://www.talkspace.ng/marriage-counsellors-in-nigeria/african-american-muslim-couple-love-balloon-african-american-muslim-couple-love-balloon-posing-cheerfully-grey-studio-209092703","false","text/html; charset=UTF-8",""
"https://www.talkspace.ng/marriage-counsellors-in-nigeria/beautiful-black-couple-spending-time-together-at-home","media_attachment","wordpress_rest","2023-03-10T00:12:01","429","https://www.talkspace.ng/marriage-counsellors-in-nigeria/beautiful-black-couple-spending-time-together-at-home","false","text/html; charset=UTF-8",""
"https://www.talkspace.ng/marriage-counsellors-in-nigeria/black-couple-arguing-in-front-of-their-therapist-at-session-in-office","media_attachment","wordpress_rest","2023-04-07T21:24:02","429","https://www.talkspace.ng/marriage-counsellors-in-nigeria/black-couple-arguing-in-front-of-their-therapist-at-session-in-office","false","text/html; charset=UTF-8",""
"https://www.talkspace.ng/marriage-counsellors-in-nigeria/cheating-man","media_attachment","wordpress_rest","2022-12-07T08:42:39","429","https://www.talkspace.ng/marriage-counsellors-in-nigeria/cheating-man","false","text/html; charset=UTF-8",""
"https://www.talkspace.ng/marriage-counsellors-in-nigeria/ind-therapy-2","media_attachment","wordpress_rest","2024-08-09T21:22:13","429","https://www.talkspace.ng/marriage-counsellors-in-nigeria/ind-therapy-2","false","text/html; charset=UTF-8",""
"https://www.talkspace.ng/marriage-counsellors-in-nigeria/istockphoto-1191432935-612x612","media_attachment","wordpress_rest","2023-02-13T17:03:03","429","https://www.talkspace.ng/marriage-counsellors-in-nigeria/istockphoto-1191432935-612x612","false","text/html; charset=UTF-8",""
"https://www.talkspace.ng/marriage-counsellors-in-nigeria/istockphoto-1270412477-612x612","media_attachment","wordpress_rest","2024-02-02T16:57:19","429","https://www.talkspace.ng/marriage-counsellors-in-nigeria/istockphoto-1270412477-612x612","false","text/html; charset=UTF-8",""
"https://www.talkspace.ng/marriage-counsellors-in-nigeria/istockphoto-1271710532-612x612","media_attachment","wordpress_rest","2023-05-07T15:50:55","429","https://www.talkspace.ng/marriage-counsellors-in-nigeria/istockphoto-1271710532-612x612","false","text/html; charset=UTF-8",""
"https://www.talkspace.ng/marriage-counsellors-in-nigeria/istockphoto-1286810735-612x612","media_attachment","wordpress_rest","2024-08-09T18:56:44","429","https://www.talkspace.ng/marriage-counsellors-in-nigeria/istockphoto-1286810735-612x612","false","text/html; charset=UTF-8",""
"https://www.talkspace.ng/marriage-counsellors-in-nigeria/istockphoto-1289177102-612x612","media_attachment","wordpress_rest","2024-08-10T06:48:33","429","https://www.talkspace.ng/marriage-counsellors-in-nigeria/istockphoto-1289177102-612x612","false","text/html; charset=UTF-8",""
"https://www.talkspace.ng/marriage-counsellors-in-nigeria/istockphoto-1300356707-612x612","media_attachment","wordpress_rest","2024-02-02T16:49:51","429","https://www.talkspace.ng/marriage-counsellors-in-nigeria/istockphoto-1300356707-612x612","false","text/html; charset=UTF-8",""
"https://www.talkspace.ng/marriage-counsellors-in-nigeria/istockphoto-1465500345-612x612","media_attachment","wordpress_rest","2024-08-09T18:52:29","429","https://www.talkspace.ng/marriage-counsellors-in-nigeria/istockphoto-1465500345-612x612","false","text/html; charset=UTF-8",""
"https://www.talkspace.ng/marriage-counsellors-in-nigeria/stressed-black-muslim-woman-driver-sitting-in-car-2021-08-29-09-41-56-utc-min","media_attachment","wordpress_rest","2024-02-10T16:02:54","429","https://www.talkspace.ng/marriage-counsellors-in-nigeria/stressed-black-muslim-woman-driver-sitting-in-car-2021-08-29-09-41-56-utc-min","false","text/html; charset=UTF-8",""
"https://www.talkspace.ng/marriage-counsellors-in-nigeria/trauma","media_attachment","wordpress_rest","2023-03-18T04:58:30","429","https://www.talkspace.ng/marriage-counsellors-in-nigeria/trauma","false","text/html; charset=UTF-8",""
"https://www.talkspace.ng/marriage-counsellors-in-nigeria/videochat-business-training-call-on-mobile-phone","media_attachment","wordpress_rest","2024-08-09T21:26:05","429","https://www.talkspace.ng/marriage-counsellors-in-nigeria/videochat-business-training-call-on-mobile-phone","false","text/html; charset=UTF-8",""
"https://www.talkspace.ng/marriage-destructive-behaviors-unknown-to-couples","sitemap_post|content_post","sitemap|wordpress_rest","2024-08-03T07:46:23+00:00","200","https://www.talkspace.ng/marriage-destructive-behaviors-unknown-to-couples","true","text/html; charset=UTF-8",""
"https://www.talkspace.ng/marriage-destructive-behaviors-unknown-to-couples/istockphoto-1413996791-612x612","media_attachment","wordpress_rest","2023-09-25T10:23:55","429","https://www.talkspace.ng/marriage-destructive-behaviors-unknown-to-couples/istockphoto-1413996791-612x612","false","text/html; charset=UTF-8",""
"https://www.talkspace.ng/marriage-is-an-eye-opener","sitemap_post|content_post","sitemap|wordpress_rest","2024-04-09T02:44:24+00:00","200","https://www.talkspace.ng/marriage-is-an-eye-opener","true","text/html; charset=UTF-8",""
"https://www.talkspace.ng/marriage-is-an-eye-opener/6109-08435373","media_attachment","wordpress_rest","2022-11-30T15:07:23","429","https://www.talkspace.ng/marriage-is-an-eye-opener/6109-08435373","false","text/html; charset=UTF-8",""
"https://www.talkspace.ng/marriage-mentoring-banner","media_attachment","wordpress_rest","2024-02-21T22:42:26","429","https://www.talkspace.ng/marriage-mentoring-banner","false","text/html; charset=UTF-8",""
"https://www.talkspace.ng/modern-relationships-spinning-out-of-control","sitemap_post|content_post","sitemap|wordpress_rest","2024-04-09T02:11:24+00:00","429","https://www.talkspace.ng/modern-relationships-spinning-out-of-control","false","text/html; charset=UTF-8",""
"https://www.talkspace.ng/modern-relationships-spinning-out-of-control/istockphoto-1134440782-612x612","media_attachment","wordpress_rest","2023-04-14T14:17:19","429","https://www.talkspace.ng/modern-relationships-spinning-out-of-control/istockphoto-1134440782-612x612","false","text/html; charset=UTF-8",""
"https://www.talkspace.ng/more-than-a-client-in-the-counselors-office","sitemap_post|content_post","sitemap|wordpress_rest","2024-04-09T02:10:19+00:00","429","https://www.talkspace.ng/more-than-a-client-in-the-counselors-office","false","text/html; charset=UTF-8",""
"https://www.talkspace.ng/more-than-a-client-in-the-counselors-office/istockphoto-1383880527-612x612","media_attachment","wordpress_rest","2023-04-22T05:04:16","429","https://www.talkspace.ng/more-than-a-client-in-the-counselors-office/istockphoto-1383880527-612x612","false","text/html; charset=UTF-8",""
"https://www.talkspace.ng/naija-couples-abroad-save-your-marriage-with-the-principle-of-shared-dreams","sitemap_post|content_post","sitemap|wordpress_rest","2025-02-21T21:38:16+00:00","200","https://www.talkspace.ng/naija-couples-abroad-save-your-marriage-with-the-principle-of-shared-dreams","true","text/html; charset=UTF-8",""
"https://www.talkspace.ng/naija-couples-abroad-save-your-marriage-with-the-principle-of-shared-dreams/istockphoto-1164159024-612x612","media_attachment","wordpress_rest","2025-02-21T14:59:00","429","https://www.talkspace.ng/naija-couples-abroad-save-your-marriage-with-the-principle-of-shared-dreams/istockphoto-1164159024-612x612","false","text/html; charset=UTF-8",""
"https://www.talkspace.ng/negative-emotions-are-contagious","sitemap_post|content_post","sitemap|wordpress_rest","2024-04-09T02:41:28+00:00","200","https://www.talkspace.ng/negative-emotions-are-contagious","true","text/html; charset=UTF-8",""
"https://www.talkspace.ng/negative-emotions-are-contagious/legal-and-psychological-ramifications-of-infidelity","media_attachment","wordpress_rest","2022-11-30T15:07:33","429","https://www.talkspace.ng/negative-emotions-are-contagious/legal-and-psychological-ramifications-of-infidelity","false","text/html; charset=UTF-8",""
"https://www.talkspace.ng/never-struggle-in-your-marriage-again","sitemap_post|content_post","sitemap|wordpress_rest","2025-03-06T13:17:33+00:00","200","https://www.talkspace.ng/never-struggle-in-your-marriage-again","true","text/html; charset=UTF-8",""
"https://www.talkspace.ng/never-struggle-in-your-marriage-again/cropped-shot-of-a-happy-young-couple-cuddling-in-the-living-room","media_attachment","wordpress_rest","2025-03-06T12:45:54","429","https://www.talkspace.ng/never-struggle-in-your-marriage-again/cropped-shot-of-a-happy-young-couple-cuddling-in-the-living-room","false","text/html; charset=UTF-8",""
"https://www.talkspace.ng/no-quick-fixes-to-a-relationship-not-properly-diagnosed","sitemap_post|content_post","sitemap|wordpress_rest","2024-04-09T02:22:39+00:00","429","https://www.talkspace.ng/no-quick-fixes-to-a-relationship-not-properly-diagnosed","false","text/html; charset=UTF-8",""
"https://www.talkspace.ng/photo-2022-12-13-14-38-12-2","media_attachment","wordpress_rest","2022-12-14T15:27:47","429","https://www.talkspace.ng/photo-2022-12-13-14-38-12-2","false","text/html; charset=UTF-8",""
"https://www.talkspace.ng/photo-2022-12-13-14-38-12-3","media_attachment","wordpress_rest","2022-12-14T15:28:57","429","https://www.talkspace.ng/photo-2022-12-13-14-38-12-3","false","text/html; charset=UTF-8",""
"https://www.talkspace.ng/portrait-of-a-happy-mature-couple-spending-quality-time-together-at-home","media_attachment","wordpress_rest","2024-03-05T01:59:58","429","https://www.talkspace.ng/portrait-of-a-happy-mature-couple-spending-quality-time-together-at-home","false","text/html; charset=UTF-8",""
"https://www.talkspace.ng/portrait-of-loving-couple-in-sofa-relaxing-in-living-room","media_attachment","wordpress_rest","2024-02-19T08:05:34","429","https://www.talkspace.ng/portrait-of-loving-couple-in-sofa-relaxing-in-living-room","false","text/html; charset=UTF-8",""
"https://www.talkspace.ng/privacy-policy","sitemap_page|content_page","sitemap|wordpress_rest","2026-05-28T17:19:34+00:00","429","https://www.talkspace.ng/privacy-policy","false","text/html; charset=UTF-8",""
"https://www.talkspace.ng/professional-counseling-services/511434873sst1631812096","media_attachment","wordpress_rest","2023-03-14T09:12:18","429","https://www.talkspace.ng/professional-counseling-services/511434873sst1631812096","false","text/html; charset=UTF-8",""
"https://www.talkspace.ng/professional-counseling-services/attachment/1349986700","media_attachment","wordpress_rest","2024-02-04T18:42:20","429","https://www.talkspace.ng/professional-counseling-services/attachment/1349986700","false","text/html; charset=UTF-8",""
"https://www.talkspace.ng/professional-counseling-services/banner-new","media_attachment","wordpress_rest","2026-02-26T13:58:25","429","https://www.talkspace.ng/professional-counseling-services/banner-new","false","text/html; charset=UTF-8",""
"https://www.talkspace.ng/professional-counseling-services/black-couple-on-date-2","media_attachment","wordpress_rest","2022-11-30T15:07:32","429","https://www.talkspace.ng/professional-counseling-services/black-couple-on-date-2","false","text/html; charset=UTF-8",""
"https://www.talkspace.ng/professional-counseling-services/calendar-icon","media_attachment","wordpress_rest","2024-02-04T18:47:12","429","https://www.talkspace.ng/professional-counseling-services/calendar-icon","false","text/html; charset=UTF-8",""
"https://www.talkspace.ng/professional-counseling-services/convenience","media_attachment","wordpress_rest","2024-05-03T05:37:20","429","https://www.talkspace.ng/professional-counseling-services/convenience","false","text/html; charset=UTF-8",""
"https://www.talkspace.ng/professional-counseling-services/dsc_5552","media_attachment","wordpress_rest","2022-12-01T13:46:05","429","https://www.talkspace.ng/professional-counseling-services/dsc_5552","false","text/html; charset=UTF-8",""
"https://www.talkspace.ng/professional-counseling-services/dsc_5581","media_attachment","wordpress_rest","2023-02-13T20:32:37","429","https://www.talkspace.ng/professional-counseling-services/dsc_5581","false","text/html; charset=UTF-8",""
"https://www.talkspace.ng/professional-counseling-services/dsc_5581-removebg-preview","media_attachment","wordpress_rest","2023-03-26T15:54:22","429","https://www.talkspace.ng/professional-counseling-services/dsc_5581-removebg-preview","false","text/html; charset=UTF-8",""
"https://www.talkspace.ng/professional-counseling-services/gemini_generated_image_oipssboipssboips","media_attachment","wordpress_rest","2026-02-26T19:49:00","429","https://www.talkspace.ng/professional-counseling-services/gemini_generated_image_oipssboipssboips","false","text/html; charset=UTF-8",""
"https://www.talkspace.ng/professional-counseling-services/gottman-svg","media_attachment","wordpress_rest","2024-04-14T22:19:35","429","https://www.talkspace.ng/professional-counseling-services/gottman-svg","false","text/html; charset=UTF-8",""
"https://www.talkspace.ng/professional-counseling-services/ind","media_attachment","wordpress_rest","2024-02-07T00:06:37","429","https://www.talkspace.ng/professional-counseling-services/ind","false","text/html; charset=UTF-8",""
"https://www.talkspace.ng/professional-counseling-services/ind-2","media_attachment","wordpress_rest","2022-12-01T10:44:23","429","https://www.talkspace.ng/professional-counseling-services/ind-2","false","text/html; charset=UTF-8",""
"https://www.talkspace.ng/professional-counseling-services/interview","media_attachment","wordpress_rest","2024-02-04T18:39:36","429","https://www.talkspace.ng/professional-counseling-services/interview","false","text/html; charset=UTF-8",""
"https://www.talkspace.ng/professional-counseling-services/istockphoto-1193497262-612x612","media_attachment","wordpress_rest","2024-06-10T20:57:02","429","https://www.talkspace.ng/professional-counseling-services/istockphoto-1193497262-612x612","false","text/html; charset=UTF-8",""
"https://www.talkspace.ng/professional-counseling-services/istockphoto-1265965237-612x612-2","media_attachment","wordpress_rest","2024-06-01T16:17:30","429","https://www.talkspace.ng/professional-counseling-services/istockphoto-1265965237-612x612-2","false","text/html; charset=UTF-8",""
"https://www.talkspace.ng/professional-counseling-services/istockphoto-1313460493-612x612","media_attachment","wordpress_rest","2024-01-20T13:00:26","429","https://www.talkspace.ng/professional-counseling-services/istockphoto-1313460493-612x612","false","text/html; charset=UTF-8",""
"https://www.talkspace.ng/professional-counseling-services/istockphoto-1342068733-612x612-1","media_attachment","wordpress_rest","2024-02-02T16:53:24","429","https://www.talkspace.ng/professional-counseling-services/istockphoto-1342068733-612x612-1","false","text/html; charset=UTF-8",""
"https://www.talkspace.ng/professional-counseling-services/istockphoto-1408664585-612x612","media_attachment","wordpress_rest","2024-02-05T01:02:58","429","https://www.talkspace.ng/professional-counseling-services/istockphoto-1408664585-612x612","false","text/html; charset=UTF-8",""
"https://www.talkspace.ng/professional-counseling-services/istockphoto-1457466875-612x612","media_attachment","wordpress_rest","2024-02-04T22:31:34","429","https://www.talkspace.ng/professional-counseling-services/istockphoto-1457466875-612x612","false","text/html; charset=UTF-8",""
"https://www.talkspace.ng/professional-counseling-services/istockphoto-1468485386-612x612","media_attachment","wordpress_rest","2024-02-04T22:36:49","429","https://www.talkspace.ng/professional-counseling-services/istockphoto-1468485386-612x612","false","text/html; charset=UTF-8",""
"https://www.talkspace.ng/professional-counseling-services/photo-2022-11-11-21-42-17_3-removebg-preview","media_attachment","wordpress_rest","2022-12-02T20:19:48","429","https://www.talkspace.ng/professional-counseling-services/photo-2022-11-11-21-42-17_3-removebg-preview","false","text/html; charset=UTF-8",""
"https://www.talkspace.ng/professional-counseling-services/ptsd-treatment-program","media_attachment","wordpress_rest","2023-11-29T22:04:18","429","https://www.talkspace.ng/professional-counseling-services/ptsd-treatment-program","false","text/html; charset=UTF-8",""
"https://www.talkspace.ng/professional-counseling-services/screen-analysis2x-674fac9752adc4cf1288f5c3133a4cfbdfa0bfce9e63be636cadb198ba46f75a","media_attachment","wordpress_rest","2023-11-29T17:22:33","429","https://www.talkspace.ng/professional-counseling-services/screen-analysis2x-674fac9752adc4cf1288f5c3133a4cfbdfa0bfce9e63be636cadb198ba46f75a","false","text/html; charset=UTF-8",""
"https://www.talkspace.ng/professional-counseling-services/screenshot-2026-02-27-at-13-27-10","media_attachment","wordpress_rest","2026-02-27T12:28:41","429","https://www.talkspace.ng/professional-counseling-services/screenshot-2026-02-27-at-13-27-10","false","text/html; charset=UTF-8",""
"https://www.talkspace.ng/professional-counseling-services/seven-principles-leader-badge-1-1","media_attachment","wordpress_rest","2024-06-01T16:30:54","429","https://www.talkspace.ng/professional-counseling-services/seven-principles-leader-badge-1-1","false","text/html; charset=UTF-8",""
"https://www.talkspace.ng/professional-counseling-services/talk-space-2","media_attachment","wordpress_rest","2024-02-11T20:13:36","429","https://www.talkspace.ng/professional-counseling-services/talk-space-2","false","text/html; charset=UTF-8",""
"https://www.talkspace.ng/professional-counseling-services/talk-space-web-design","media_attachment","wordpress_rest","2024-01-16T12:35:10","429","https://www.talkspace.ng/professional-counseling-services/talk-space-web-design","false","text/html; charset=UTF-8",""
"https://www.talkspace.ng/professional-counseling-services/talk-space-web-design-2-min","media_attachment","wordpress_rest","2023-11-29T22:03:25","429","https://www.talkspace.ng/professional-counseling-services/talk-space-web-design-2-min","false","text/html; charset=UTF-8",""
"https://www.talkspace.ng/professional-counseling-services/talk-space-white","media_attachment","wordpress_rest","2024-05-28T02:39:31","429","https://www.talkspace.ng/professional-counseling-services/talk-space-white","false","text/html; charset=UTF-8",""
"https://www.talkspace.ng/professional-counseling-services/target-2","media_attachment","wordpress_rest","2023-11-29T17:34:40","429","https://www.talkspace.ng/professional-counseling-services/target-2","false","text/html; charset=UTF-8",""
"https://www.talkspace.ng/professional-counseling-services/upset-african-american-couple-sitting-on-couch-at-home","media_attachment","wordpress_rest","2022-12-01T10:50:57","429","https://www.talkspace.ng/professional-counseling-services/upset-african-american-couple-sitting-on-couch-at-home","false","text/html; charset=UTF-8",""
"https://www.talkspace.ng/professional-counseling-services/young-attractive-african-american-couple-dating-with-red-rose-heart-balloon_1258-2727","media_attachment","wordpress_rest","2022-11-30T15:07:20","429","https://www.talkspace.ng/professional-counseling-services/young-attractive-african-american-couple-dating-with-red-rose-heart-balloon_1258-2727","false","text/html; charset=UTF-8",""
"https://www.talkspace.ng/professional-counseling-services/young-black-couple-on-meeting-with-marital-counselor-working-on-their-relationship-at-psychologists-office","media_attachment","wordpress_rest","2023-03-10T00:15:20","429","https://www.talkspace.ng/professional-counseling-services/young-black-couple-on-meeting-with-marital-counselor-working-on-their-relationship-at-psychologists-office","false","text/html; charset=UTF-8",""
"https://www.talkspace.ng/relationship-red-flags","sitemap_post|content_post","sitemap|wordpress_rest","2024-04-09T02:43:06+00:00","200","https://www.talkspace.ng/relationship-red-flags","true","text/html; charset=UTF-8",""
"https://www.talkspace.ng/relationship-red-flags/afro-couple-arguing-woman-yelling-scared-man-relationship-crisis-concept-side-view-portrait-black-fighting-unhappy-annoyed-213436794","media_attachment","wordpress_rest","2022-11-30T15:07:56","429","https://www.talkspace.ng/relationship-red-flags/afro-couple-arguing-woman-yelling-scared-man-relationship-crisis-concept-side-view-portrait-black-fighting-unhappy-annoyed-213436794","false","text/html; charset=UTF-8",""
"https://www.talkspace.ng/relationship-skills-needed-at-work","sitemap_post|content_post","sitemap|wordpress_rest","2024-08-03T07:54:37+00:00","200","https://www.talkspace.ng/relationship-skills-needed-at-work","true","text/html; charset=UTF-8",""
"https://www.talkspace.ng/relationship-skills-needed-at-work/istockphoto-1468500171-612x612","media_attachment","wordpress_rest","2023-08-01T05:36:45","429","https://www.talkspace.ng/relationship-skills-needed-at-work/istockphoto-1468500171-612x612","false","text/html; charset=UTF-8",""
"https://www.talkspace.ng/relationships-and-money","sitemap_post|content_post","sitemap|wordpress_rest","2024-08-03T07:45:17+00:00","200","https://www.talkspace.ng/relationships-and-money","true","text/html; charset=UTF-8",""
"https://www.talkspace.ng/relationships-and-money/istockphoto-1227508401-612x612","media_attachment","wordpress_rest","2023-10-02T14:04:19","429","https://www.talkspace.ng/relationships-and-money/istockphoto-1227508401-612x612","false","text/html; charset=UTF-8",""
"https://www.talkspace.ng/revive-your-romance-with-a-four-letter-word","sitemap_post|content_post","sitemap|wordpress_rest","2024-04-09T02:28:56+00:00","200","https://www.talkspace.ng/revive-your-romance-with-a-four-letter-word","true","text/html; charset=UTF-8",""
"https://www.talkspace.ng/revive-your-romance-with-a-four-letter-word/img_6008","media_attachment","wordpress_rest","2022-11-30T15:07:43","429","https://www.talkspace.ng/revive-your-romance-with-a-four-letter-word/img_6008","false","text/html; charset=UTF-8",""
"https://www.talkspace.ng/sex-does-not-bring-babies","sitemap_post|content_post","sitemap|wordpress_rest","2024-04-09T02:24:43+00:00","200","https://www.talkspace.ng/sex-does-not-bring-babies","true","text/html; charset=UTF-8",""
"https://www.talkspace.ng/sex-dont-just-start-in-the-bedroom","sitemap_post|content_post","sitemap|wordpress_rest","2024-04-09T02:23:15+00:00","429","https://www.talkspace.ng/sex-dont-just-start-in-the-bedroom","false","text/html; charset=UTF-8",""
"https://www.talkspace.ng/sex-dont-just-start-in-the-bedroom/sex-dont-just","media_attachment","wordpress_rest","2022-11-30T15:07:37","429","https://www.talkspace.ng/sex-dont-just-start-in-the-bedroom/sex-dont-just","false","text/html; charset=UTF-8",""
"https://www.talkspace.ng/sexless-marriage","media_attachment","wordpress_rest","2022-11-30T15:07:22","429","https://www.talkspace.ng/sexless-marriage","false","text/html; charset=UTF-8",""
"https://www.talkspace.ng/shot-of-a-young-couple-sharing-a-romantic-moment-in-the-city","media_attachment","wordpress_rest","2024-02-02T10:29:37","429","https://www.talkspace.ng/shot-of-a-young-couple-sharing-a-romantic-moment-in-the-city","false","text/html; charset=UTF-8",""
"https://www.talkspace.ng/supercharge-yourself-with-relational-intelligence-in-2024","sitemap_post|content_post","sitemap|wordpress_rest","2024-08-03T07:43:57+00:00","200","https://www.talkspace.ng/supercharge-yourself-with-relational-intelligence-in-2024","true","text/html; charset=UTF-8",""
"https://www.talkspace.ng/talk-space_","media_attachment","wordpress_rest","2023-12-02T10:30:24","429","https://www.talkspace.ng/talk-space_","false","text/html; charset=UTF-8",""
"https://www.talkspace.ng/talk-space-2-2","media_attachment","wordpress_rest","2024-02-14T10:49:40","429","https://www.talkspace.ng/talk-space-2-2","false","text/html; charset=UTF-8",""
"https://www.talkspace.ng/talk-space-2-3","media_attachment","wordpress_rest","2024-03-03T15:38:38","429","https://www.talkspace.ng/talk-space-2-3","false","text/html; charset=UTF-8",""
"https://www.talkspace.ng/terms-and-conditions","sitemap_page|content_page","sitemap|wordpress_rest","2024-11-29T13:41:14+00:00","429","https://www.talkspace.ng/terms-and-conditions","false","text/html; charset=UTF-8",""
"https://www.talkspace.ng/the-new-trend-in-family-dynamics-why-more-wives-are-taking-charge-at-home","sitemap_post|content_post","sitemap|wordpress_rest","2024-08-03T07:16:20+00:00","200","https://www.talkspace.ng/the-new-trend-in-family-dynamics-why-more-wives-are-taking-charge-at-home","true","text/html; charset=UTF-8",""
"https://www.talkspace.ng/the-new-trend-in-family-dynamics-why-more-wives-are-taking-charge-at-home/istockphoto-1304231661-612x612","media_attachment","wordpress_rest","2024-08-02T14:03:36","429","https://www.talkspace.ng/the-new-trend-in-family-dynamics-why-more-wives-are-taking-charge-at-home/istockphoto-1304231661-612x612","false","text/html; charset=UTF-8",""
"https://www.talkspace.ng/the-new-trend-in-family-dynamics-why-more-wives-are-taking-charge-at-home/istockphoto-1320769147-612x612","media_attachment","wordpress_rest","2024-08-02T11:30:10","429","https://www.talkspace.ng/the-new-trend-in-family-dynamics-why-more-wives-are-taking-charge-at-home/istockphoto-1320769147-612x612","false","text/html; charset=UTF-8",""
"https://www.talkspace.ng/the-perils-of-engaging-family-and-friends-to-fix-your-marriage","sitemap_post|content_post","sitemap|wordpress_rest","2024-08-03T09:09:40+00:00","200","https://www.talkspace.ng/the-perils-of-engaging-family-and-friends-to-fix-your-marriage","true","text/html; charset=UTF-8",""
"https://www.talkspace.ng/the-perils-of-engaging-family-and-friends-to-fix-your-marriage/young-couple-on-the-sofa-after-quarrel","media_attachment","wordpress_rest","2023-07-16T22:00:39","429","https://www.talkspace.ng/the-perils-of-engaging-family-and-friends-to-fix-your-marriage/young-couple-on-the-sofa-after-quarrel","false","text/html; charset=UTF-8",""
"https://www.talkspace.ng/the-power-of-compromise-in-marital-relationships","sitemap_post|content_post","sitemap|wordpress_rest","2024-04-09T02:09:44+00:00","429","https://www.talkspace.ng/the-power-of-compromise-in-marital-relationships","false","text/html; charset=UTF-8",""
"https://www.talkspace.ng/the-power-of-compromise-in-marital-relationships/shot-of-a-young-couple-having-relationship-problems-at-home","media_attachment","wordpress_rest","2023-04-14T15:17:34","429","https://www.talkspace.ng/the-power-of-compromise-in-marital-relationships/shot-of-a-young-couple-having-relationship-problems-at-home","false","text/html; charset=UTF-8",""
"https://www.talkspace.ng/the-pressure-cooker-of-naija-life","sitemap_post|content_post","sitemap|wordpress_rest","2025-02-26T18:46:21+00:00","200","https://www.talkspace.ng/the-pressure-cooker-of-naija-life","true","text/html; charset=UTF-8",""
"https://www.talkspace.ng/the-pressure-cooker-of-naija-life/proud-nigerian-young-woman","media_attachment","wordpress_rest","2025-02-26T18:12:38","429","https://www.talkspace.ng/the-pressure-cooker-of-naija-life/proud-nigerian-young-woman","false","text/html; charset=UTF-8",""
"https://www.talkspace.ng/the-psychology-of-love-and-marriage","sitemap_post|content_post","sitemap|wordpress_rest","2024-04-09T02:12:03+00:00","429","https://www.talkspace.ng/the-psychology-of-love-and-marriage","false","text/html; charset=UTF-8",""
"https://www.talkspace.ng/the-psychology-of-love-and-marriage/istockphoto-1327221673-612x612","media_attachment","wordpress_rest","2023-04-13T09:10:31","429","https://www.talkspace.ng/the-psychology-of-love-and-marriage/istockphoto-1327221673-612x612","false","text/html; charset=UTF-8",""
"https://www.talkspace.ng/the-red-car-theory","sitemap_post|content_post","sitemap|wordpress_rest","2024-08-03T07:39:13+00:00","200","https://www.talkspace.ng/the-red-car-theory","true","text/html; charset=UTF-8",""
"https://www.talkspace.ng/the-red-car-theory/the-red-car-theory-2024","media_attachment","wordpress_rest","2024-04-03T06:33:40","429","https://www.talkspace.ng/the-red-car-theory/the-red-car-theory-2024","false","text/html; charset=UTF-8",""
"https://www.talkspace.ng/the-romantic-benefits-of-covid-19","sitemap_post|content_post","sitemap|wordpress_rest","2024-04-09T02:42:36+00:00","200","https://www.talkspace.ng/the-romantic-benefits-of-covid-19","true","text/html; charset=UTF-8",""
"https://www.talkspace.ng/the-romantic-benefits-of-covid-19/covid-couple","media_attachment","wordpress_rest","2022-11-30T15:07:38","429","https://www.talkspace.ng/the-romantic-benefits-of-covid-19/covid-couple","false","text/html; charset=UTF-8",""
"https://www.talkspace.ng/the-ultimate-life-hack","sitemap_post|content_post","sitemap|wordpress_rest","2025-01-31T18:29:35+00:00","200","https://www.talkspace.ng/the-ultimate-life-hack","true","text/html; charset=UTF-8",""
"https://www.talkspace.ng/the-ultimate-life-hack/concept-health-word-vector-illustration","media_attachment","wordpress_rest","2025-01-30T03:27:34","429","https://www.talkspace.ng/the-ultimate-life-hack/concept-health-word-vector-illustration","false","text/html; charset=UTF-8",""
"https://www.talkspace.ng/these-habits-will-destroy-your-relationship","sitemap_post|content_post","sitemap|wordpress_rest","2024-08-03T09:30:57+00:00","200","https://www.talkspace.ng/these-habits-will-destroy-your-relationship","true","text/html; charset=UTF-8",""
"https://www.talkspace.ng/these-habits-will-destroy-your-relationship/istockphoto-1186579749-612x612-1","media_attachment","wordpress_rest","2023-05-31T21:46:52","429","https://www.talkspace.ng/these-habits-will-destroy-your-relationship/istockphoto-1186579749-612x612-1","false","text/html; charset=UTF-8",""
"https://www.talkspace.ng/til-death-do-us-part","sitemap_post|content_post","sitemap|wordpress_rest","2024-08-03T07:40:28+00:00","200","https://www.talkspace.ng/til-death-do-us-part","true","text/html; charset=UTF-8",""
"https://www.talkspace.ng/treating-affairs-and-trauma-_-_28de80_-_5275f672be142af807b239223d3e151beb23e9be-removebg-preview","media_attachment","wordpress_rest","2024-02-22T01:39:46","429","https://www.talkspace.ng/treating-affairs-and-trauma-_-_28de80_-_5275f672be142af807b239223d3e151beb23e9be-removebg-preview","false","text/html; charset=UTF-8",""
"https://www.talkspace.ng/unhappy-married-women-and-how-to-be-happy-again","sitemap_post|content_post","sitemap|wordpress_rest","2024-04-09T02:10:51+00:00","429","https://www.talkspace.ng/unhappy-married-women-and-how-to-be-happy-again","false","text/html; charset=UTF-8",""
"https://www.talkspace.ng/unhappy-married-women-and-how-to-be-happy-again/istockphoto-1385325890-612x612","media_attachment","wordpress_rest","2023-04-22T03:39:10","429","https://www.talkspace.ng/unhappy-married-women-and-how-to-be-happy-again/istockphoto-1385325890-612x612","false","text/html; charset=UTF-8",""
"https://www.talkspace.ng/unmarried-single-and-valentine","sitemap_post|content_post","sitemap|wordpress_rest","2024-04-09T02:28:04+00:00","200","https://www.talkspace.ng/unmarried-single-and-valentine","true","text/html; charset=UTF-8",""
"https://www.talkspace.ng/unmarried-single-and-valentine/12518_valentines_day_gifts_for_her_slide_0_f-max-800x600","media_attachment","wordpress_rest","2022-11-30T15:07:40","429","https://www.talkspace.ng/unmarried-single-and-valentine/12518_valentines_day_gifts_for_her_slide_0_f-max-800x600","false","text/html; charset=UTF-8",""
"https://www.talkspace.ng/unsatisfying-sex-life","sitemap_post|content_post","sitemap|wordpress_rest","2024-04-09T02:30:15+00:00","200","https://www.talkspace.ng/unsatisfying-sex-life","true","text/html; charset=UTF-8",""
"https://www.talkspace.ng/what-to-expect-when-you-sign-p-for-couple-therapy","sitemap_post|content_post","sitemap|wordpress_rest","2024-04-09T02:07:24+00:00","429","https://www.talkspace.ng/what-to-expect-when-you-sign-p-for-couple-therapy","false","text/html; charset=UTF-8",""
"https://www.talkspace.ng/whats-a-relationship-without-communication","media_attachment","wordpress_rest","2023-03-24T16:42:15","429","https://www.talkspace.ng/whats-a-relationship-without-communication","false","text/html; charset=UTF-8",""
"https://www.talkspace.ng/why-couples-are-living-separate-lives-under-one-roof","sitemap_post|content_post","sitemap|wordpress_rest","2024-04-09T02:06:51+00:00","429","https://www.talkspace.ng/why-couples-are-living-separate-lives-under-one-roof","false","text/html; charset=UTF-8",""
"https://www.talkspace.ng/why-couples-are-living-separate-lives-under-one-roof/is-this-the-end","media_attachment","wordpress_rest","2023-05-07T16:31:02","429","https://www.talkspace.ng/why-couples-are-living-separate-lives-under-one-roof/is-this-the-end","false","text/html; charset=UTF-8",""
"https://www.talkspace.ng/why-marriage-is-still-important-irrespective-of-the-challenges","sitemap_post|content_post","sitemap|wordpress_rest","2024-04-09T02:14:01+00:00","429","https://www.talkspace.ng/why-marriage-is-still-important-irrespective-of-the-challenges","false","text/html; charset=UTF-8",""
"https://www.talkspace.ng/why-marriage-is-still-important-irrespective-of-the-challenges/istockphoto-1391106197-612x612","media_attachment","wordpress_rest","2023-04-09T09:53:06","429","https://www.talkspace.ng/why-marriage-is-still-important-irrespective-of-the-challenges/istockphoto-1391106197-612x612","false","text/html; charset=UTF-8",""
"https://www.talkspace.ng/why-marriages-are-becoming-sexless","sitemap_post|content_post","sitemap|wordpress_rest","2024-04-09T02:16:35+00:00","429","https://www.talkspace.ng/why-marriages-are-becoming-sexless","false","text/html; charset=UTF-8",""
"https://www.talkspace.ng/why-premarital-counseling-is-crucial-before-wedding","sitemap_post|content_post","sitemap|wordpress_rest","2024-04-09T02:18:14+00:00","429","https://www.talkspace.ng/why-premarital-counseling-is-crucial-before-wedding","false","text/html; charset=UTF-8",""
"https://www.talkspace.ng/why-you-act-the-way-you-do","sitemap_post|content_post","sitemap|wordpress_rest","2024-08-03T09:33:50+00:00","200","https://www.talkspace.ng/why-you-act-the-way-you-do","true","text/html; charset=UTF-8",""
"https://www.talkspace.ng/why-you-act-the-way-you-do/istockphoto-1320494014-612x612","media_attachment","wordpress_rest","2023-05-31T21:00:34","429","https://www.talkspace.ng/why-you-act-the-way-you-do/istockphoto-1320494014-612x612","false","text/html; charset=UTF-8",""
"https://www.talkspace.ng/whymarriagedoesnotwork","sitemap_post|content_post","sitemap|wordpress_rest","2025-04-10T23:26:02+00:00","200","https://www.talkspace.ng/whymarriagedoesnotwork","true","text/html; charset=UTF-8",""
"https://www.talkspace.ng/whymarriagedoesnotwork/a-newly-wed-couple-holds-each-other-in-the-late-afternoon","media_attachment","wordpress_rest","2025-04-10T22:52:57","429","https://www.talkspace.ng/whymarriagedoesnotwork/a-newly-wed-couple-holds-each-other-in-the-late-afternoon","false","text/html; charset=UTF-8",""
"https://www.talkspace.ng/winning-in-your-relationship","sitemap_post|content_post","sitemap|wordpress_rest","2024-08-03T07:42:44+00:00","200","https://www.talkspace.ng/winning-in-your-relationship","true","text/html; charset=UTF-8",""
"https://www.talkspace.ng/world-suicide-prevention-day-2023","sitemap_post|content_post","sitemap|wordpress_rest","2024-08-03T07:50:27+00:00","200","https://www.talkspace.ng/world-suicide-prevention-day-2023","true","text/html; charset=UTF-8",""
"https://www.talkspace.ng/wp-content-uploads-2024-02-talkspace-hero-webp","media_attachment","wordpress_rest","2026-02-04T12:26:35","429","https://www.talkspace.ng/wp-content-uploads-2024-02-talkspace-hero-webp","false","text/html; charset=UTF-8",""
"https://www.talkspace.ng/wp-content/uploads/2017/10/istockphoto-1270389648-612x612-1-jpg.webp","media_asset","wordpress_rest","2023-02-18T12:42:18","200","https://www.talkspace.ng/wp-content/uploads/2017/10/istockphoto-1270389648-612x612-1-jpg.webp","true","image/webp",""
"https://www.talkspace.ng/wp-content/uploads/2020/02/sexless-marriage.png","media_asset","wordpress_rest","2022-11-30T15:07:22","200","https://www.talkspace.ng/wp-content/uploads/2020/02/sexless-marriage.png","true","image/png",""
"https://www.talkspace.ng/wp-content/uploads/2020/10/young-attractive-african-american-couple-dating-with-red-rose-heart-balloon_1258-2727.jpg","media_asset","wordpress_rest","2022-11-30T15:07:20","200","https://www.talkspace.ng/wp-content/uploads/2020/10/young-attractive-african-american-couple-dating-with-red-rose-heart-balloon_1258-2727.jpg","true","image/jpeg",""
"https://www.talkspace.ng/wp-content/uploads/2020/12/6109-08435373en_Masterfile.jpg","media_asset","wordpress_rest","2022-11-30T15:07:23","200","https://www.talkspace.ng/wp-content/uploads/2020/12/6109-08435373en_Masterfile.jpg","true","image/jpeg",""
"https://www.talkspace.ng/wp-content/uploads/2020/12/Affair.png","media_asset","wordpress_rest","2022-11-30T15:07:30","200","https://www.talkspace.ng/wp-content/uploads/2020/12/Affair.png","true","image/png",""
"https://www.talkspace.ng/wp-content/uploads/2020/12/Banner.png","media_asset","wordpress_rest","2022-11-30T15:07:25","200","https://www.talkspace.ng/wp-content/uploads/2020/12/Banner.png","true","image/png",""
"https://www.talkspace.ng/wp-content/uploads/2021/05/black-couple-on-date-1.jpeg","media_asset","wordpress_rest","2022-11-30T15:07:32","200","https://www.talkspace.ng/wp-content/uploads/2021/05/black-couple-on-date-1.jpeg","true","image/jpeg",""
"https://www.talkspace.ng/wp-content/uploads/2021/09/12518_valentines_day_gifts_for_her_slide_0_f.max-800x600-1.jpg","media_asset","wordpress_rest","2022-11-30T15:07:40","200","https://www.talkspace.ng/wp-content/uploads/2021/09/12518_valentines_day_gifts_for_her_slide_0_f.max-800x600-1.jpg","true","image/jpeg",""
"https://www.talkspace.ng/wp-content/uploads/2021/09/5.4.CrushYourGoals_301451067.jpg","media_asset","wordpress_rest","2022-11-30T15:07:45","200","https://www.talkspace.ng/wp-content/uploads/2021/09/5.4.CrushYourGoals_301451067.jpg","true","image/jpeg",""
"https://www.talkspace.ng/wp-content/uploads/2021/09/afro-couple-arguing-woman-yelling-scared-man-relationship-crisis-concept-side-view-portrait-black-fighting-unhappy-annoyed-213436794.jpeg","media_asset","wordpress_rest","2022-11-30T15:07:56","200","https://www.talkspace.ng/wp-content/uploads/2021/09/afro-couple-arguing-woman-yelling-scared-man-relationship-crisis-concept-side-view-portrait-black-fighting-unhappy-annoyed-213436794.jpeg","true","image/jpeg",""
"https://www.talkspace.ng/wp-content/uploads/2021/09/checklist-3679741_1280.jpeg","media_asset","wordpress_rest","2022-11-30T15:07:46","200","https://www.talkspace.ng/wp-content/uploads/2021/09/checklist-3679741_1280.jpeg","true","image/jpeg",""
"https://www.talkspace.ng/wp-content/uploads/2021/09/Covid-Couple.jpeg","media_asset","wordpress_rest","2022-11-30T15:07:38","200","https://www.talkspace.ng/wp-content/uploads/2021/09/Covid-Couple.jpeg","true","image/jpeg",""
"https://www.talkspace.ng/wp-content/uploads/2021/09/forgiveness.jpeg","media_asset","wordpress_rest","2022-11-30T15:07:50","200","https://www.talkspace.ng/wp-content/uploads/2021/09/forgiveness.jpeg","true","image/jpeg",""
"https://www.talkspace.ng/wp-content/uploads/2021/09/IMG_6008-e1632140427308.jpg","media_asset","wordpress_rest","2022-11-30T15:07:43","200","https://www.talkspace.ng/wp-content/uploads/2021/09/IMG_6008-e1632140427308.jpg","true","image/jpeg",""
"https://www.talkspace.ng/wp-content/uploads/2021/09/Legal-and-Psychological-Ramifications-of-Infidelity.jpeg","media_asset","wordpress_rest","2022-11-30T15:07:33","200","https://www.talkspace.ng/wp-content/uploads/2021/09/Legal-and-Psychological-Ramifications-of-Infidelity.jpeg","true","image/jpeg",""
"https://www.talkspace.ng/wp-content/uploads/2021/09/love-child1.jpeg","media_asset","wordpress_rest","2022-11-30T15:07:35","200","https://www.talkspace.ng/wp-content/uploads/2021/09/love-child1.jpeg","true","image/jpeg",""
"https://www.talkspace.ng/wp-content/uploads/2021/09/Sex-Dont-Just-e1631708320787.jpeg","media_asset","wordpress_rest","2022-11-30T15:07:37","200","https://www.talkspace.ng/wp-content/uploads/2021/09/Sex-Dont-Just-e1631708320787.jpeg","true","image/jpeg",""
"https://www.talkspace.ng/wp-content/uploads/2021/09/t30_vows-pure-photography.jpeg","media_asset","wordpress_rest","2022-11-30T15:07:54","200","https://www.talkspace.ng/wp-content/uploads/2021/09/t30_vows-pure-photography.jpeg","true","image/jpeg",""
"https://www.talkspace.ng/wp-content/uploads/2021/09/Woman_with_her_husband_and_children_924x.jpeg","media_asset","wordpress_rest","2022-11-30T15:07:52","200","https://www.talkspace.ng/wp-content/uploads/2021/09/Woman_with_her_husband_and_children_924x.jpeg","true","image/jpeg",""
"https://www.talkspace.ng/wp-content/uploads/2021/09/your-wifes-3-relationship-nonnegotiables_1040x326-1024x321-1.jpeg","media_asset","wordpress_rest","2022-11-30T15:07:49","200","https://www.talkspace.ng/wp-content/uploads/2021/09/your-wifes-3-relationship-nonnegotiables_1040x326-1024x321-1.jpeg","true","image/jpeg",""
"https://www.talkspace.ng/wp-content/uploads/2021/10/angry-millennial-black-couple-shouting-blaming-each-other-frustrated-stressed-husband-annoyed-wife-quarreling-bad-207842978.jpeg","media_asset","wordpress_rest","2022-11-30T15:07:58","200","https://www.talkspace.ng/wp-content/uploads/2021/10/angry-millennial-black-couple-shouting-blaming-each-other-frustrated-stressed-husband-annoyed-wife-quarreling-bad-207842978.jpeg","true","image/jpeg",""
"https://www.talkspace.ng/wp-content/uploads/2022/11/2836bff3-0f11-45da-8774-0c1b1b0f9986.webp","media_asset","wordpress_rest","2023-11-29T17:42:51","200","https://www.talkspace.ng/wp-content/uploads/2022/11/2836bff3-0f11-45da-8774-0c1b1b0f9986.webp","true","image/webp",""
"https://www.talkspace.ng/wp-content/uploads/2022/11/andrew-itaga-eHXtoxL1H-E-unsplash-370x265-1.jpg","media_asset","wordpress_rest","2022-11-30T15:06:59","200","https://www.talkspace.ng/wp-content/uploads/2022/11/andrew-itaga-eHXtoxL1H-E-unsplash-370x265-1.jpg","true","image/jpeg",""
"https://www.talkspace.ng/wp-content/uploads/2022/11/DSC_5581-scaled.jpg","media_asset","wordpress_rest","2023-02-13T20:32:37","200","https://www.talkspace.ng/wp-content/uploads/2022/11/DSC_5581-scaled.jpg","true","image/jpeg",""
"https://www.talkspace.ng/wp-content/uploads/2022/11/ed72b609-bc64-4696-8b6e-a10c36e79eae.webp","media_asset","wordpress_rest","2023-11-29T17:44:18","200","https://www.talkspace.ng/wp-content/uploads/2022/11/ed72b609-bc64-4696-8b6e-a10c36e79eae.webp","true","image/webp",""
"https://www.talkspace.ng/wp-content/uploads/2022/11/good-comm-370x265-1.jpg","media_asset","wordpress_rest","2022-11-30T15:07:04","200","https://www.talkspace.ng/wp-content/uploads/2022/11/good-comm-370x265-1.jpg","true","image/jpeg",""
"https://www.talkspace.ng/wp-content/uploads/2022/11/good-franklin-370x265-1.png","media_asset","wordpress_rest","2022-11-30T15:06:57","200","https://www.talkspace.ng/wp-content/uploads/2022/11/good-franklin-370x265-1.png","true","image/png",""
"https://www.talkspace.ng/wp-content/uploads/2022/11/h4-blog-img-1-370x265-1.jpg","media_asset","wordpress_rest","2022-11-30T15:07:02","200","https://www.talkspace.ng/wp-content/uploads/2022/11/h4-blog-img-1-370x265-1.jpg","true","image/jpeg",""
"https://www.talkspace.ng/wp-content/uploads/2022/11/Talk-Space-2.png","media_asset","wordpress_rest","2024-02-14T10:49:40","200","https://www.talkspace.ng/wp-content/uploads/2022/11/Talk-Space-2.png","true","image/png",""
"https://www.talkspace.ng/wp-content/uploads/2022/11/young-black-couple-on-meeting-with-marital-counsel-2021-12-09-09-24-42-utc-scaled.jpg","media_asset","wordpress_rest","2023-03-10T00:15:20","200","https://www.talkspace.ng/wp-content/uploads/2022/11/young-black-couple-on-meeting-with-marital-counsel-2021-12-09-09-24-42-utc-scaled.jpg","true","image/jpeg",""
"https://www.talkspace.ng/wp-content/uploads/2022/12/26e1c64f-ded0-493a-b8fe-a76614ce69b9.jpg","media_asset","wordpress_rest","2022-12-14T16:52:55","200","https://www.talkspace.ng/wp-content/uploads/2022/12/26e1c64f-ded0-493a-b8fe-a76614ce69b9.jpg","true","image/jpeg",""
"https://www.talkspace.ng/wp-content/uploads/2022/12/3aa17d87-f59e-4a84-b83a-5a7ddb6dae92.jpg","media_asset","wordpress_rest","2022-12-14T16:52:11","200","https://www.talkspace.ng/wp-content/uploads/2022/12/3aa17d87-f59e-4a84-b83a-5a7ddb6dae92.jpg","true","image/jpeg",""
"https://www.talkspace.ng/wp-content/uploads/2022/12/4fef253b-6297-4e5d-ac62-9c587981e134.jpg","media_asset","wordpress_rest","2022-12-14T16:19:13","200","https://www.talkspace.ng/wp-content/uploads/2022/12/4fef253b-6297-4e5d-ac62-9c587981e134.jpg","true","image/jpeg",""
"https://www.talkspace.ng/wp-content/uploads/2022/12/578a0c9d-e184-4dc8-b196-763b967872ff.jpg","media_asset","wordpress_rest","2022-12-14T16:53:45","200","https://www.talkspace.ng/wp-content/uploads/2022/12/578a0c9d-e184-4dc8-b196-763b967872ff.jpg","true","image/jpeg",""
"https://www.talkspace.ng/wp-content/uploads/2022/12/5e266b59-e276-44a4-a86a-e71775567d55.jpg","media_asset","wordpress_rest","2022-12-14T16:52:13","200","https://www.talkspace.ng/wp-content/uploads/2022/12/5e266b59-e276-44a4-a86a-e71775567d55.jpg","true","image/jpeg",""
"https://www.talkspace.ng/wp-content/uploads/2022/12/83d6f8ea-0976-4299-8038-798731be072f-e1671037077459.jpg","media_asset","wordpress_rest","2022-12-14T16:54:42","200","https://www.talkspace.ng/wp-content/uploads/2022/12/83d6f8ea-0976-4299-8038-798731be072f-e1671037077459.jpg","true","image/jpeg",""
"https://www.talkspace.ng/wp-content/uploads/2022/12/a21215ca-af8f-44f1-bc59-45b30a3f434f.jpg","media_asset","wordpress_rest","2022-12-14T16:55:57","200","https://www.talkspace.ng/wp-content/uploads/2022/12/a21215ca-af8f-44f1-bc59-45b30a3f434f.jpg","true","image/jpeg",""
"https://www.talkspace.ng/wp-content/uploads/2022/12/a4ec305c-7e0c-4aba-ac9b-15b83f70a2a3.jpg","media_asset","wordpress_rest","2022-12-14T16:55:22","200","https://www.talkspace.ng/wp-content/uploads/2022/12/a4ec305c-7e0c-4aba-ac9b-15b83f70a2a3.jpg","true","image/jpeg",""
"https://www.talkspace.ng/wp-content/uploads/2022/12/af052b30-4580-48e8-93ad-1eabab82ba50.jpg","media_asset","wordpress_rest","2022-12-14T16:56:13","200","https://www.talkspace.ng/wp-content/uploads/2022/12/af052b30-4580-48e8-93ad-1eabab82ba50.jpg","true","image/jpeg",""
"https://www.talkspace.ng/wp-content/uploads/2022/12/african-american-couple-in-love-hugging-in-park-2021-08-26-16-33-02-utc-scaled.jpg","media_asset","wordpress_rest","2023-02-08T12:20:23","200","https://www.talkspace.ng/wp-content/uploads/2022/12/african-american-couple-in-love-hugging-in-park-2021-08-26-16-33-02-utc-scaled.jpg","true","image/jpeg",""
"https://www.talkspace.ng/wp-content/uploads/2022/12/african-american-muslim-couple-love-balloon-african-american-muslim-couple-love-balloon-posing-cheerfully-grey-studio-209092703.jpeg","media_asset","wordpress_rest","2022-12-07T08:46:26","200","https://www.talkspace.ng/wp-content/uploads/2022/12/african-american-muslim-couple-love-balloon-african-american-muslim-couple-love-balloon-posing-cheerfully-grey-studio-209092703.jpeg","true","image/jpeg",""
"https://www.talkspace.ng/wp-content/uploads/2022/12/b5fd9df8-7387-4656-b892-29e229f2b921-e1671037147806.jpg","media_asset","wordpress_rest","2022-12-14T16:59:11","200","https://www.talkspace.ng/wp-content/uploads/2022/12/b5fd9df8-7387-4656-b892-29e229f2b921-e1671037147806.jpg","true","image/jpeg",""
"https://www.talkspace.ng/wp-content/uploads/2022/12/beautiful-black-couple-spending-time-together-at-h-2021-09-02-07-17-59-utc-scaled.jpg","media_asset","wordpress_rest","2023-03-10T00:12:01","200","https://www.talkspace.ng/wp-content/uploads/2022/12/beautiful-black-couple-spending-time-together-at-h-2021-09-02-07-17-59-utc-scaled.jpg","true","image/jpeg",""
"https://www.talkspace.ng/wp-content/uploads/2022/12/cheating-man.jpeg","media_asset","wordpress_rest","2022-12-07T08:42:39","200","https://www.talkspace.ng/wp-content/uploads/2022/12/cheating-man.jpeg","true","image/jpeg",""
"https://www.talkspace.ng/wp-content/uploads/2022/12/cropped-cropped-Talk-Space_-2-e1670011818509.png","media_asset","wordpress_rest","2023-11-29T17:50:06","200","https://www.talkspace.ng/wp-content/uploads/2022/12/cropped-cropped-Talk-Space_-2-e1670011818509.png","true","image/png",""
"https://www.talkspace.ng/wp-content/uploads/2022/12/cropped-Talk-Space_-2-e1670011818509.png","media_asset","wordpress_rest","2023-04-10T08:34:37","200","https://www.talkspace.ng/wp-content/uploads/2022/12/cropped-Talk-Space_-2-e1670011818509.png","true","image/png",""
"https://www.talkspace.ng/wp-content/uploads/2022/12/d18ba252-ac47-4f8f-a6ef-117263708a16.jpg","media_asset","wordpress_rest","2022-12-14T16:51:08","200","https://www.talkspace.ng/wp-content/uploads/2022/12/d18ba252-ac47-4f8f-a6ef-117263708a16.jpg","true","image/jpeg",""
"https://www.talkspace.ng/wp-content/uploads/2022/12/d790c696-5ffa-453b-98b0-b931aabb5361.jpg","media_asset","wordpress_rest","2022-12-14T16:51:11","200","https://www.talkspace.ng/wp-content/uploads/2022/12/d790c696-5ffa-453b-98b0-b931aabb5361.jpg","true","image/jpeg",""
"https://www.talkspace.ng/wp-content/uploads/2022/12/d8a32595-2a20-4e22-99d6-08e7e3d9d4af.jpg","media_asset","wordpress_rest","2022-12-14T16:51:06","200","https://www.talkspace.ng/wp-content/uploads/2022/12/d8a32595-2a20-4e22-99d6-08e7e3d9d4af.jpg","true","image/jpeg",""
"https://www.talkspace.ng/wp-content/uploads/2022/12/dbdb55d9-451f-4fcc-a1e7-1f8e2e8f3fdd.jpg","media_asset","wordpress_rest","2022-12-14T16:51:16","200","https://www.talkspace.ng/wp-content/uploads/2022/12/dbdb55d9-451f-4fcc-a1e7-1f8e2e8f3fdd.jpg","true","image/jpeg",""
"https://www.talkspace.ng/wp-content/uploads/2022/12/DSC_5472-scaled-e1671028064481.jpg","media_asset","wordpress_rest","2022-12-14T14:28:12","200","https://www.talkspace.ng/wp-content/uploads/2022/12/DSC_5472-scaled-e1671028064481.jpg","true","image/jpeg",""
"https://www.talkspace.ng/wp-content/uploads/2022/12/DSC_5517-scaled-e1670410204596.jpg","media_asset","wordpress_rest","2022-12-07T10:45:51","200","https://www.talkspace.ng/wp-content/uploads/2022/12/DSC_5517-scaled-e1670410204596.jpg","true","image/jpeg",""
"https://www.talkspace.ng/wp-content/uploads/2022/12/DSC_5552-scaled-e1669902832516.jpg","media_asset","wordpress_rest","2022-12-01T13:46:05","200","https://www.talkspace.ng/wp-content/uploads/2022/12/DSC_5552-scaled-e1669902832516.jpg","true","image/jpeg",""
"https://www.talkspace.ng/wp-content/uploads/2022/12/DSC_5724-scaled-e1670410104972.jpg","media_asset","wordpress_rest","2022-12-07T10:48:32","200","https://www.talkspace.ng/wp-content/uploads/2022/12/DSC_5724-scaled-e1670410104972.jpg","true","image/jpeg",""
"https://www.talkspace.ng/wp-content/uploads/2022/12/IMG_4134-scaled-e1671016133478.jpg","media_asset","wordpress_rest","2022-12-14T04:10:06","200","https://www.talkspace.ng/wp-content/uploads/2022/12/IMG_4134-scaled-e1671016133478.jpg","true","image/jpeg",""
"https://www.talkspace.ng/wp-content/uploads/2022/12/Ind.jpeg","media_asset","wordpress_rest","2022-12-01T10:44:23","200","https://www.talkspace.ng/wp-content/uploads/2022/12/Ind.jpeg","true","image/jpeg",""
"https://www.talkspace.ng/wp-content/uploads/2022/12/MG_9028_transcpr-scaled.jpg","media_asset","wordpress_rest","2022-12-14T16:10:34","200","https://www.talkspace.ng/wp-content/uploads/2022/12/MG_9028_transcpr-scaled.jpg","true","image/jpeg",""
"https://www.talkspace.ng/wp-content/uploads/2022/12/MG_9039_transcpr-scaled.jpg","media_asset","wordpress_rest","2022-12-14T16:10:52","200","https://www.talkspace.ng/wp-content/uploads/2022/12/MG_9039_transcpr-scaled.jpg","true","image/jpeg",""
"https://www.talkspace.ng/wp-content/uploads/2022/12/MG_9049_transcpr-scaled.jpg","media_asset","wordpress_rest","2022-12-14T16:11:10","200","https://www.talkspace.ng/wp-content/uploads/2022/12/MG_9049_transcpr-scaled.jpg","true","image/jpeg",""
"https://www.talkspace.ng/wp-content/uploads/2022/12/MG_9050_transcpr-scaled.jpg","media_asset","wordpress_rest","2022-12-14T16:11:26","200","https://www.talkspace.ng/wp-content/uploads/2022/12/MG_9050_transcpr-scaled.jpg","true","image/jpeg",""
"https://www.talkspace.ng/wp-content/uploads/2022/12/MG_9051_transcpr-scaled.jpg","media_asset","wordpress_rest","2022-12-14T16:11:43","200","https://www.talkspace.ng/wp-content/uploads/2022/12/MG_9051_transcpr-scaled.jpg","true","image/jpeg",""
"https://www.talkspace.ng/wp-content/uploads/2022/12/PHOTO-2022-11-11-21-42-17_3-removebg-preview.png","media_asset","wordpress_rest","2022-12-02T20:19:48","200","https://www.talkspace.ng/wp-content/uploads/2022/12/PHOTO-2022-11-11-21-42-17_3-removebg-preview.png","true","image/png",""
"https://www.talkspace.ng/wp-content/uploads/2022/12/PHOTO-2022-12-13-14-38-12-2-e1723272760908.jpg","media_asset","wordpress_rest","2022-12-14T15:27:47","404","https://www.talkspace.ng/wp-content/uploads/2022/12/PHOTO-2022-12-13-14-38-12-2-e1723272760908.jpg","false","text/html",""
"https://www.talkspace.ng/wp-content/uploads/2022/12/PHOTO-2022-12-13-14-38-12-3-e1671031887480.jpg","media_asset","wordpress_rest","2022-12-14T15:28:57","200","https://www.talkspace.ng/wp-content/uploads/2022/12/PHOTO-2022-12-13-14-38-12-3-e1671031887480.jpg","true","image/jpeg",""
"https://www.talkspace.ng/wp-content/uploads/2022/12/screen-analysis@2x-674fac9752adc4cf1288f5c3133a4cfbdfa0bfce9e63be636cadb198ba46f75a.png","media_asset","wordpress_rest","2023-11-29T17:22:33","200","https://www.talkspace.ng/wp-content/uploads/2022/12/screen-analysis@2x-674fac9752adc4cf1288f5c3133a4cfbdfa0bfce9e63be636cadb198ba46f75a.png","true","image/png",""
"https://www.talkspace.ng/wp-content/uploads/2022/12/Talk-Space_.png","media_asset","wordpress_rest","2023-12-02T10:30:24","200","https://www.talkspace.ng/wp-content/uploads/2022/12/Talk-Space_.png","true","image/png",""
"https://www.talkspace.ng/wp-content/uploads/2022/12/Talk-Space-1-1.png","media_asset","wordpress_rest","2024-02-11T20:13:36","200","https://www.talkspace.ng/wp-content/uploads/2022/12/Talk-Space-1-1.png","true","image/png",""
"https://www.talkspace.ng/wp-content/uploads/2022/12/Target-1.png","media_asset","wordpress_rest","2023-11-29T17:34:40","200","https://www.talkspace.ng/wp-content/uploads/2022/12/Target-1.png","true","image/png",""
"https://www.talkspace.ng/wp-content/uploads/2022/12/upset-african-american-couple-sitting-on-couch-at-2022-01-06-02-56-23-utc-scaled.jpg","media_asset","wordpress_rest","2022-12-01T10:50:57","200","https://www.talkspace.ng/wp-content/uploads/2022/12/upset-african-american-couple-sitting-on-couch-at-2022-01-06-02-56-23-utc-scaled.jpg","true","image/jpeg",""
"https://www.talkspace.ng/wp-content/uploads/2023/01/black-couple-arguing-in-front-of-their-therapist-a-2021-08-29-03-30-56-utc-1-scaled.jpg","media_asset","wordpress_rest","2023-04-07T21:24:02","200","https://www.talkspace.ng/wp-content/uploads/2023/01/black-couple-arguing-in-front-of-their-therapist-a-2021-08-29-03-30-56-utc-1-scaled.jpg","true","image/jpeg",""
"https://www.talkspace.ng/wp-content/uploads/2023/01/DSC_5581-removebg-preview.jpg","media_asset","wordpress_rest","2023-03-26T15:54:22","200","https://www.talkspace.ng/wp-content/uploads/2023/01/DSC_5581-removebg-preview.jpg","true","image/jpeg",""
"https://www.talkspace.ng/wp-content/uploads/2023/01/istockphoto-1191432935-612x612-1.jpeg","media_asset","wordpress_rest","2023-02-13T17:03:03","200","https://www.talkspace.ng/wp-content/uploads/2023/01/istockphoto-1191432935-612x612-1.jpeg","true","image/jpeg",""
"https://www.talkspace.ng/wp-content/uploads/2023/01/istockphoto-1191861163-612x612-1.jpg","media_asset","wordpress_rest","2023-02-13T16:52:35","200","https://www.talkspace.ng/wp-content/uploads/2023/01/istockphoto-1191861163-612x612-1.jpg","true","image/jpeg",""
"https://www.talkspace.ng/wp-content/uploads/2023/01/istockphoto-1270412477-612x612-1.jpeg","media_asset","wordpress_rest","2024-02-02T16:57:19","200","https://www.talkspace.ng/wp-content/uploads/2023/01/istockphoto-1270412477-612x612-1.jpeg","true","image/jpeg",""
"https://www.talkspace.ng/wp-content/uploads/2023/01/istockphoto-1271710532-612x612-1.jpeg","media_asset","wordpress_rest","2023-05-07T15:50:55","200","https://www.talkspace.ng/wp-content/uploads/2023/01/istockphoto-1271710532-612x612-1.jpeg","true","image/jpeg",""
"https://www.talkspace.ng/wp-content/uploads/2023/01/istockphoto-1300356707-612x612-1.jpeg","media_asset","wordpress_rest","2024-02-02T16:49:51","200","https://www.talkspace.ng/wp-content/uploads/2023/01/istockphoto-1300356707-612x612-1.jpeg","true","image/jpeg",""
"https://www.talkspace.ng/wp-content/uploads/2023/01/stressed-black-muslim-woman-driver-sitting-in-car-2021-08-29-09-41-56-utc-min-scaled.jpg","media_asset","wordpress_rest","2024-02-10T16:02:54","200","https://www.talkspace.ng/wp-content/uploads/2023/01/stressed-black-muslim-woman-driver-sitting-in-car-2021-08-29-09-41-56-utc-min-scaled.jpg","true","image/jpeg",""
"https://www.talkspace.ng/wp-content/uploads/2023/02/Ind.webp","media_asset","wordpress_rest","2024-02-07T00:06:37","200","https://www.talkspace.ng/wp-content/uploads/2023/02/Ind.webp","true","image/webp",""
"https://www.talkspace.ng/wp-content/uploads/2023/02/Val-2-jpeg.webp","media_asset","wordpress_rest","2023-02-14T14:10:24","200","https://www.talkspace.ng/wp-content/uploads/2023/02/Val-2-jpeg.webp","true","image/webp",""
"https://www.talkspace.ng/wp-content/uploads/2023/02/Val-jpeg.webp","media_asset","wordpress_rest","2023-02-14T17:03:35","200","https://www.talkspace.ng/wp-content/uploads/2023/02/Val-jpeg.webp","true","image/webp",""
"https://www.talkspace.ng/wp-content/uploads/2023/03/511434873sst1631812096-scaled.webp","media_asset","wordpress_rest","2023-03-14T09:12:18","200","https://www.talkspace.ng/wp-content/uploads/2023/03/511434873sst1631812096-scaled.webp","true","image/webp",""
"https://www.talkspace.ng/wp-content/uploads/2023/03/Couple-praying-during-christian-counseling-in-a-church-jpeg.webp","media_asset","wordpress_rest","2023-03-20T16:03:29","200","https://www.talkspace.ng/wp-content/uploads/2023/03/Couple-praying-during-christian-counseling-in-a-church-jpeg.webp","true","image/webp",""
"https://www.talkspace.ng/wp-content/uploads/2023/03/istockphoto-1137632848-612x612-1-jpg.webp","media_asset","wordpress_rest","2023-03-13T08:27:31","200","https://www.talkspace.ng/wp-content/uploads/2023/03/istockphoto-1137632848-612x612-1-jpg.webp","true","image/webp",""
"https://www.talkspace.ng/wp-content/uploads/2023/03/istockphoto-1158481668-612x612-1-jpg.webp","media_asset","wordpress_rest","2023-03-01T22:28:51","200","https://www.talkspace.ng/wp-content/uploads/2023/03/istockphoto-1158481668-612x612-1-jpg.webp","true","image/webp",""
"https://www.talkspace.ng/wp-content/uploads/2023/03/istockphoto-1330999266-612x612-1.jpg","media_asset","wordpress_rest","2023-03-24T16:42:15","200","https://www.talkspace.ng/wp-content/uploads/2023/03/istockphoto-1330999266-612x612-1.jpg","true","image/jpeg",""
"https://www.talkspace.ng/wp-content/uploads/2023/03/PTSD-Treatment-Program-.webp","media_asset","wordpress_rest","2023-11-29T22:04:18","200","https://www.talkspace.ng/wp-content/uploads/2023/03/PTSD-Treatment-Program-.webp","true","image/webp",""
"https://www.talkspace.ng/wp-content/uploads/2023/03/Talk-Space-Web-Design-2-min-e1718063442612.webp","media_asset","wordpress_rest","2023-11-29T22:03:25","200","https://www.talkspace.ng/wp-content/uploads/2023/03/Talk-Space-Web-Design-2-min-e1718063442612.webp","true","image/webp",""
"https://www.talkspace.ng/wp-content/uploads/2023/03/Talk-Space-Web-Design.jpg","media_asset","wordpress_rest","2024-01-16T12:35:10","200","https://www.talkspace.ng/wp-content/uploads/2023/03/Talk-Space-Web-Design.jpg","true","image/jpeg",""
"https://www.talkspace.ng/wp-content/uploads/2023/03/Trauma-jpeg.webp","media_asset","wordpress_rest","2023-03-18T04:58:30","200","https://www.talkspace.ng/wp-content/uploads/2023/03/Trauma-jpeg.webp","true","image/webp",""
"https://www.talkspace.ng/wp-content/uploads/2023/04/istockphoto-1006452986-612x612-1.jpg","media_asset","wordpress_rest","2023-04-05T15:13:38","200","https://www.talkspace.ng/wp-content/uploads/2023/04/istockphoto-1006452986-612x612-1.jpg","true","image/jpeg",""
"https://www.talkspace.ng/wp-content/uploads/2023/04/istockphoto-1134440782-612x612-1.jpg","media_asset","wordpress_rest","2023-04-14T14:17:19","200","https://www.talkspace.ng/wp-content/uploads/2023/04/istockphoto-1134440782-612x612-1.jpg","true","image/jpeg",""
"https://www.talkspace.ng/wp-content/uploads/2023/04/istockphoto-1327221673-612x612-1.webp","media_asset","wordpress_rest","2023-04-13T09:10:31","200","https://www.talkspace.ng/wp-content/uploads/2023/04/istockphoto-1327221673-612x612-1.webp","true","image/webp",""
"https://www.talkspace.ng/wp-content/uploads/2023/04/istockphoto-1328878155-612x612-1.jpg","media_asset","wordpress_rest","2023-04-09T17:18:27","200","https://www.talkspace.ng/wp-content/uploads/2023/04/istockphoto-1328878155-612x612-1.jpg","true","image/jpeg",""
"https://www.talkspace.ng/wp-content/uploads/2023/04/istockphoto-1369979465-612x612-1.jpg","media_asset","wordpress_rest","2023-04-10T06:58:21","200","https://www.talkspace.ng/wp-content/uploads/2023/04/istockphoto-1369979465-612x612-1.jpg","true","image/jpeg",""
"https://www.talkspace.ng/wp-content/uploads/2023/04/istockphoto-1383880527-612x612-1-e1682140721330.webp","media_asset","wordpress_rest","2023-04-22T05:04:16","200","https://www.talkspace.ng/wp-content/uploads/2023/04/istockphoto-1383880527-612x612-1-e1682140721330.webp","true","image/webp",""
"https://www.talkspace.ng/wp-content/uploads/2023/04/istockphoto-1385325890-612x612-1.webp","media_asset","wordpress_rest","2023-04-22T03:39:10","200","https://www.talkspace.ng/wp-content/uploads/2023/04/istockphoto-1385325890-612x612-1.webp","true","image/webp",""
"https://www.talkspace.ng/wp-content/uploads/2023/04/istockphoto-1391106197-612x612-1.jpg","media_asset","wordpress_rest","2023-04-09T09:53:06","200","https://www.talkspace.ng/wp-content/uploads/2023/04/istockphoto-1391106197-612x612-1.jpg","true","image/jpeg",""
"https://www.talkspace.ng/wp-content/uploads/2023/04/istockphoto-1408582478-612x612-1.jpg","media_asset","wordpress_rest","2023-04-09T16:08:42","200","https://www.talkspace.ng/wp-content/uploads/2023/04/istockphoto-1408582478-612x612-1.jpg","true","image/jpeg",""
"https://www.talkspace.ng/wp-content/uploads/2023/04/istockphoto-1464442345-612x612-1.jpg","media_asset","wordpress_rest","2023-04-10T06:44:49","200","https://www.talkspace.ng/wp-content/uploads/2023/04/istockphoto-1464442345-612x612-1.jpg","true","image/jpeg",""
"https://www.talkspace.ng/wp-content/uploads/2023/04/istockphoto-1480620553-612x612-1.webp","media_asset","wordpress_rest","2023-04-16T21:08:08","200","https://www.talkspace.ng/wp-content/uploads/2023/04/istockphoto-1480620553-612x612-1.webp","true","image/webp",""
"https://www.talkspace.ng/wp-content/uploads/2023/04/istockphoto-916492790-612x612-1.jpg","media_asset","wordpress_rest","2023-04-14T15:17:34","200","https://www.talkspace.ng/wp-content/uploads/2023/04/istockphoto-916492790-612x612-1.jpg","true","image/jpeg",""
"https://www.talkspace.ng/wp-content/uploads/2023/05/istockphoto-1169508931-612x612-1.jpg","media_asset","wordpress_rest","2023-05-07T18:55:37","200","https://www.talkspace.ng/wp-content/uploads/2023/05/istockphoto-1169508931-612x612-1.jpg","true","image/jpeg",""
"https://www.talkspace.ng/wp-content/uploads/2023/05/istockphoto-1182426558-612x612-1.jpg","media_asset","wordpress_rest","2023-05-07T17:20:47","200","https://www.talkspace.ng/wp-content/uploads/2023/05/istockphoto-1182426558-612x612-1.jpg","true","image/jpeg",""
"https://www.talkspace.ng/wp-content/uploads/2023/05/istockphoto-1186579749-612x612-1.webp","media_asset","wordpress_rest","2023-05-31T21:46:52","200","https://www.talkspace.ng/wp-content/uploads/2023/05/istockphoto-1186579749-612x612-1.webp","true","image/webp",""
"https://www.talkspace.ng/wp-content/uploads/2023/05/istockphoto-1191634812-612x612-1.jpg","media_asset","wordpress_rest","2023-05-07T17:52:15","200","https://www.talkspace.ng/wp-content/uploads/2023/05/istockphoto-1191634812-612x612-1.jpg","true","image/jpeg",""
"https://www.talkspace.ng/wp-content/uploads/2023/05/istockphoto-1249348580-612x612-1.jpg","media_asset","wordpress_rest","2023-05-01T17:23:18","200","https://www.talkspace.ng/wp-content/uploads/2023/05/istockphoto-1249348580-612x612-1.jpg","true","image/jpeg",""
"https://www.talkspace.ng/wp-content/uploads/2023/05/istockphoto-1320494014-612x612-1.webp","media_asset","wordpress_rest","2023-05-31T21:00:34","200","https://www.talkspace.ng/wp-content/uploads/2023/05/istockphoto-1320494014-612x612-1.webp","true","image/webp",""
"https://www.talkspace.ng/wp-content/uploads/2023/05/istockphoto-1334745272-612x612-1.webp","media_asset","wordpress_rest","2023-05-21T18:57:50","200","https://www.talkspace.ng/wp-content/uploads/2023/05/istockphoto-1334745272-612x612-1.webp","true","image/webp",""
"https://www.talkspace.ng/wp-content/uploads/2023/05/istockphoto-1336655800-612x612-1.jpg","media_asset","wordpress_rest","2023-05-07T16:31:02","200","https://www.talkspace.ng/wp-content/uploads/2023/05/istockphoto-1336655800-612x612-1.jpg","true","image/jpeg",""
"https://www.talkspace.ng/wp-content/uploads/2023/05/istockphoto-1410236100-612x612-1.jpg","media_asset","wordpress_rest","2023-05-01T16:02:50","200","https://www.talkspace.ng/wp-content/uploads/2023/05/istockphoto-1410236100-612x612-1.jpg","true","image/jpeg",""
"https://www.talkspace.ng/wp-content/uploads/2023/05/istockphoto-1430847777-612x612-1.webp","media_asset","wordpress_rest","2023-05-21T19:45:44","200","https://www.talkspace.ng/wp-content/uploads/2023/05/istockphoto-1430847777-612x612-1.webp","true","image/webp",""
"https://www.talkspace.ng/wp-content/uploads/2023/05/istockphoto-1463859644-612x612-1.webp","media_asset","wordpress_rest","2023-05-23T15:17:00","200","https://www.talkspace.ng/wp-content/uploads/2023/05/istockphoto-1463859644-612x612-1.webp","true","image/webp",""
"https://www.talkspace.ng/wp-content/uploads/2023/05/istockphoto-172745533-612x612-1.webp","media_asset","wordpress_rest","2023-05-25T20:50:42","200","https://www.talkspace.ng/wp-content/uploads/2023/05/istockphoto-172745533-612x612-1.webp","true","image/webp",""
"https://www.talkspace.ng/wp-content/uploads/2023/05/Talk-Space-Web-Design-2-min.webp","media_asset","wordpress_rest","2023-05-20T12:30:44","200","https://www.talkspace.ng/wp-content/uploads/2023/05/Talk-Space-Web-Design-2-min.webp","true","image/webp",""
"https://www.talkspace.ng/wp-content/uploads/2023/06/istockphoto-1227312046-612x612-1.jpg","media_asset","wordpress_rest","2024-02-07T00:50:01","200","https://www.talkspace.ng/wp-content/uploads/2023/06/istockphoto-1227312046-612x612-1.jpg","true","image/jpeg",""
"https://www.talkspace.ng/wp-content/uploads/2023/06/istockphoto-1286524948-612x612-1.jpg","media_asset","wordpress_rest","2023-06-17T18:06:25","200","https://www.talkspace.ng/wp-content/uploads/2023/06/istockphoto-1286524948-612x612-1.jpg","true","image/jpeg",""
"https://www.talkspace.ng/wp-content/uploads/2023/06/istockphoto-1369119485-612x612-1.jpg","media_asset","wordpress_rest","2023-06-17T16:36:06","200","https://www.talkspace.ng/wp-content/uploads/2023/06/istockphoto-1369119485-612x612-1.jpg","true","image/jpeg",""
"https://www.talkspace.ng/wp-content/uploads/2023/07/istockphoto-471722357-612x612-1.jpg","media_asset","wordpress_rest","2023-07-16T22:00:39","200","https://www.talkspace.ng/wp-content/uploads/2023/07/istockphoto-471722357-612x612-1.jpg","true","image/jpeg",""
"https://www.talkspace.ng/wp-content/uploads/2023/07/istockphoto-639340888-612x612-1.jpg","media_asset","wordpress_rest","2023-07-31T11:28:44","200","https://www.talkspace.ng/wp-content/uploads/2023/07/istockphoto-639340888-612x612-1.jpg","true","image/jpeg",""
"https://www.talkspace.ng/wp-content/uploads/2023/08/istockphoto-1398057680-612x612-1.jpg","media_asset","wordpress_rest","2023-08-27T14:42:14","200","https://www.talkspace.ng/wp-content/uploads/2023/08/istockphoto-1398057680-612x612-1.jpg","true","image/jpeg",""
"https://www.talkspace.ng/wp-content/uploads/2023/08/istockphoto-1413996791-612x612-1.jpg","media_asset","wordpress_rest","2023-09-25T10:23:55","200","https://www.talkspace.ng/wp-content/uploads/2023/08/istockphoto-1413996791-612x612-1.jpg","true","image/jpeg",""
"https://www.talkspace.ng/wp-content/uploads/2023/08/istockphoto-1468500171-612x612-1.jpg","media_asset","wordpress_rest","2023-08-01T05:36:45","200","https://www.talkspace.ng/wp-content/uploads/2023/08/istockphoto-1468500171-612x612-1.jpg","true","image/jpeg",""
"https://www.talkspace.ng/wp-content/uploads/2023/09/istockphoto-1355299854-612x612-1.jpg","media_asset","wordpress_rest","2023-09-15T15:57:04","200","https://www.talkspace.ng/wp-content/uploads/2023/09/istockphoto-1355299854-612x612-1.jpg","true","image/jpeg",""
"https://www.talkspace.ng/wp-content/uploads/2023/09/istockphoto-1430927032-612x612-1.jpg","media_asset","wordpress_rest","2023-09-11T18:52:32","200","https://www.talkspace.ng/wp-content/uploads/2023/09/istockphoto-1430927032-612x612-1.jpg","true","image/jpeg",""
"https://www.talkspace.ng/wp-content/uploads/2023/10/istockphoto-1227508401-612x612-1.jpg","media_asset","wordpress_rest","2023-10-02T14:04:19","200","https://www.talkspace.ng/wp-content/uploads/2023/10/istockphoto-1227508401-612x612-1.jpg","true","image/jpeg",""
"https://www.talkspace.ng/wp-content/uploads/2023/10/Sound-Relationship-House.webp","media_asset","wordpress_rest","2023-11-29T17:12:02","200","https://www.talkspace.ng/wp-content/uploads/2023/10/Sound-Relationship-House.webp","true","image/webp",""
"https://www.talkspace.ng/wp-content/uploads/2024/01/Instagram-Post-1080x1080-px-91.jpeg","media_asset","wordpress_rest","2024-01-09T14:26:20","200","https://www.talkspace.ng/wp-content/uploads/2024/01/Instagram-Post-1080x1080-px-91.jpeg","true","image/jpeg",""
"https://www.talkspace.ng/wp-content/uploads/2024/01/istockphoto-1313460493-612x612-1.jpg","media_asset","wordpress_rest","2024-01-20T13:00:26","200","https://www.talkspace.ng/wp-content/uploads/2024/01/istockphoto-1313460493-612x612-1.jpg","true","image/jpeg",""
"https://www.talkspace.ng/wp-content/uploads/2024/01/istockphoto-1342068733-612x612-1-1.jpg","media_asset","wordpress_rest","2024-02-02T16:53:24","200","https://www.talkspace.ng/wp-content/uploads/2024/01/istockphoto-1342068733-612x612-1-1.jpg","true","image/jpeg",""
"https://www.talkspace.ng/wp-content/uploads/2024/02/1349986700.svg","media_asset","wordpress_rest","2024-02-04T18:42:20","200","https://www.talkspace.ng/wp-content/uploads/2024/02/1349986700.svg","true","image/svg+xml",""
"https://www.talkspace.ng/wp-content/uploads/2024/02/calendar-icon.svg","media_asset","wordpress_rest","2024-02-04T18:47:12","200","https://www.talkspace.ng/wp-content/uploads/2024/02/calendar-icon.svg","true","image/svg+xml",""
"https://www.talkspace.ng/wp-content/uploads/2024/02/CASSON_Logo-removebg-preview-1.png","media_asset","wordpress_rest","2024-02-21T23:19:11","200","https://www.talkspace.ng/wp-content/uploads/2024/02/CASSON_Logo-removebg-preview-1.png","true","image/png",""
"https://www.talkspace.ng/wp-content/uploads/2024/02/Gottman-Method-Trainer-Web-Badges_L2_v1-1.png","media_asset","wordpress_rest","2024-02-21T23:00:23","200","https://www.talkspace.ng/wp-content/uploads/2024/02/Gottman-Method-Trainer-Web-Badges_L2_v1-1.png","true","image/png",""
"https://www.talkspace.ng/wp-content/uploads/2024/02/Interview.svg","media_asset","wordpress_rest","2024-02-04T18:39:36","200","https://www.talkspace.ng/wp-content/uploads/2024/02/Interview.svg","true","image/svg+xml",""
"https://www.talkspace.ng/wp-content/uploads/2024/02/istockphoto-1165318486-612x612-1.jpg","media_asset","wordpress_rest","2024-02-02T10:29:37","200","https://www.talkspace.ng/wp-content/uploads/2024/02/istockphoto-1165318486-612x612-1.jpg","true","image/jpeg",""
"https://www.talkspace.ng/wp-content/uploads/2024/02/istockphoto-1194214423-612x612-1.jpg","media_asset","wordpress_rest","2024-02-02T10:49:10","200","https://www.talkspace.ng/wp-content/uploads/2024/02/istockphoto-1194214423-612x612-1.jpg","true","image/jpeg",""
"https://www.talkspace.ng/wp-content/uploads/2024/02/istockphoto-1256869305-612x612-1.jpg","media_asset","wordpress_rest","2024-02-08T17:05:01","200","https://www.talkspace.ng/wp-content/uploads/2024/02/istockphoto-1256869305-612x612-1.jpg","true","image/jpeg",""
"https://www.talkspace.ng/wp-content/uploads/2024/02/istockphoto-1408664585-612x612-1-e1707093189127.jpg","media_asset","wordpress_rest","2024-02-05T01:02:58","200","https://www.talkspace.ng/wp-content/uploads/2024/02/istockphoto-1408664585-612x612-1-e1707093189127.jpg","true","image/jpeg",""
"https://www.talkspace.ng/wp-content/uploads/2024/02/istockphoto-1457466875-612x612-1.jpg","media_asset","wordpress_rest","2024-02-04T22:31:34","200","https://www.talkspace.ng/wp-content/uploads/2024/02/istockphoto-1457466875-612x612-1.jpg","true","image/jpeg",""
"https://www.talkspace.ng/wp-content/uploads/2024/02/istockphoto-1468485386-612x612-1-e1707086205377.jpg","media_asset","wordpress_rest","2024-02-04T22:36:49","200","https://www.talkspace.ng/wp-content/uploads/2024/02/istockphoto-1468485386-612x612-1-e1707086205377.jpg","true","image/jpeg",""
"https://www.talkspace.ng/wp-content/uploads/2024/02/istockphoto-1783965074-612x612-2-jpg.webp","media_asset","wordpress_rest","2024-02-21T12:00:14","200","https://www.talkspace.ng/wp-content/uploads/2024/02/istockphoto-1783965074-612x612-2-jpg.webp","true","image/webp",""
"https://www.talkspace.ng/wp-content/uploads/2024/02/istockphoto-184369523-612x612-1-jpg.webp","media_asset","wordpress_rest","2024-02-19T08:05:34","200","https://www.talkspace.ng/wp-content/uploads/2024/02/istockphoto-184369523-612x612-1-jpg.webp","true","image/webp",""
"https://www.talkspace.ng/wp-content/uploads/2024/02/istockphoto-499738640-612x612-1.jpg","media_asset","wordpress_rest","2024-02-02T11:22:14","200","https://www.talkspace.ng/wp-content/uploads/2024/02/istockphoto-499738640-612x612-1.jpg","true","image/jpeg",""
"https://www.talkspace.ng/wp-content/uploads/2024/02/istockphoto-598074416-612x612-1.jpg","media_asset","wordpress_rest","2024-02-02T10:31:19","200","https://www.talkspace.ng/wp-content/uploads/2024/02/istockphoto-598074416-612x612-1.jpg","true","image/jpeg",""
"https://www.talkspace.ng/wp-content/uploads/2024/02/Marriage-Mentoring-Banner.png","media_asset","wordpress_rest","2024-02-21T22:42:26","200","https://www.talkspace.ng/wp-content/uploads/2024/02/Marriage-Mentoring-Banner.png","true","image/png",""
"https://www.talkspace.ng/wp-content/uploads/2024/02/Treating-Affairs-and-Trauma-_-_28de80_-_5275f672be142af807b239223d3e151beb23e9be-removebg-preview.png","media_asset","wordpress_rest","2024-02-22T01:39:46","200","https://www.talkspace.ng/wp-content/uploads/2024/02/Treating-Affairs-and-Trauma-_-_28de80_-_5275f672be142af807b239223d3e151beb23e9be-removebg-preview.png","true","image/png",""
"https://www.talkspace.ng/wp-content/uploads/2024/03/istockphoto-949415158-612x612-1-jpg.webp","media_asset","wordpress_rest","2024-03-05T01:59:58","200","https://www.talkspace.ng/wp-content/uploads/2024/03/istockphoto-949415158-612x612-1-jpg.webp","true","image/webp",""
"https://www.talkspace.ng/wp-content/uploads/2024/03/Talk-Space-2.png","media_asset","wordpress_rest","2024-03-03T15:38:38","200","https://www.talkspace.ng/wp-content/uploads/2024/03/Talk-Space-2.png","true","image/png",""
"https://www.talkspace.ng/wp-content/uploads/2024/04/1_dlpETgA3vEPdKDkC20wY1g-1.png","media_asset","wordpress_rest","2024-04-02T20:19:31","200","https://www.talkspace.ng/wp-content/uploads/2024/04/1_dlpETgA3vEPdKDkC20wY1g-1.png","true","image/png",""
"https://www.talkspace.ng/wp-content/uploads/2024/04/gottman-svg-e1713133128546.png","media_asset","wordpress_rest","2024-04-14T22:19:35","200","https://www.talkspace.ng/wp-content/uploads/2024/04/gottman-svg-e1713133128546.png","true","image/png",""
"https://www.talkspace.ng/wp-content/uploads/2024/04/How-To-Fix-Your-Relationship-Today.pdf","media_asset","wordpress_rest","2024-04-06T09:44:46","200","https://www.talkspace.ng/wp-content/uploads/2024/04/How-To-Fix-Your-Relationship-Today.pdf","true","application/pdf",""
"https://www.talkspace.ng/wp-content/uploads/2024/04/The-Red-Car-Theory-2024.jpg","media_asset","wordpress_rest","2024-04-03T06:33:40","200","https://www.talkspace.ng/wp-content/uploads/2024/04/The-Red-Car-Theory-2024.jpg","true","image/jpeg",""
"https://www.talkspace.ng/wp-content/uploads/2024/05/Convenience.png","media_asset","wordpress_rest","2024-05-03T05:37:20","200","https://www.talkspace.ng/wp-content/uploads/2024/05/Convenience.png","true","image/png",""
"https://www.talkspace.ng/wp-content/uploads/2024/05/Talk-Space-white-e1716864220112.png","media_asset","wordpress_rest","2024-05-28T02:39:31","200","https://www.talkspace.ng/wp-content/uploads/2024/05/Talk-Space-white-e1716864220112.png","true","image/png",""
"https://www.talkspace.ng/wp-content/uploads/2024/06/Blog-Header-1200x600-px-1-jpeg.avif","media_asset","wordpress_rest","2026-02-04T12:26:35","200","https://www.talkspace.ng/wp-content/uploads/2024/06/Blog-Header-1200x600-px-1-jpeg.avif","true","image/avif",""
"https://www.talkspace.ng/wp-content/uploads/2024/06/happy-black-couple-hugging-in-counselor-office-scaled.webp","media_asset","wordpress_rest","2025-03-16T16:24:40","200","https://www.talkspace.ng/wp-content/uploads/2024/06/happy-black-couple-hugging-in-counselor-office-scaled.webp","true","image/webp",""
"https://www.talkspace.ng/wp-content/uploads/2024/06/Happy-Couple-Online-jpeg.avif","media_asset","wordpress_rest","2024-08-10T06:45:54","200","https://www.talkspace.ng/wp-content/uploads/2024/06/Happy-Couple-Online-jpeg.avif","true","image/avif",""
"https://www.talkspace.ng/wp-content/uploads/2024/06/istockphoto-1193497262-612x612-1-jpg-e1718052963638.avif","media_asset","wordpress_rest","2024-06-10T20:57:02","200","https://www.talkspace.ng/wp-content/uploads/2024/06/istockphoto-1193497262-612x612-1-jpg-e1718052963638.avif","true","image/avif",""
"https://www.talkspace.ng/wp-content/uploads/2024/06/istockphoto-1265965237-612x612-2-jpeg.webp","media_asset","wordpress_rest","2024-06-01T16:17:30","200","https://www.talkspace.ng/wp-content/uploads/2024/06/istockphoto-1265965237-612x612-2-jpeg.webp","true","image/webp",""
"https://www.talkspace.ng/wp-content/uploads/2024/06/Seven-Principles-Leader-Badge-1-1.png","media_asset","wordpress_rest","2024-06-01T16:30:54","200","https://www.talkspace.ng/wp-content/uploads/2024/06/Seven-Principles-Leader-Badge-1-1.png","true","image/png",""
"https://www.talkspace.ng/wp-content/uploads/2024/07/b8dbe68b-99e3-426d-abb7-925b24d29e13-jpg.avif","media_asset","wordpress_rest","2024-07-16T23:18:18","200","https://www.talkspace.ng/wp-content/uploads/2024/07/b8dbe68b-99e3-426d-abb7-925b24d29e13-jpg.avif","true","image/avif",""
"https://www.talkspace.ng/wp-content/uploads/2024/08/Ind-Therapy-2-jpeg.avif","media_asset","wordpress_rest","2024-08-09T21:22:13","200","https://www.talkspace.ng/wp-content/uploads/2024/08/Ind-Therapy-2-jpeg.avif","true","image/avif",""
"https://www.talkspace.ng/wp-content/uploads/2024/08/istockphoto-1286810735-612x612-1-jpg.avif","media_asset","wordpress_rest","2024-08-09T18:56:44","200","https://www.talkspace.ng/wp-content/uploads/2024/08/istockphoto-1286810735-612x612-1-jpg.avif","true","image/avif",""
"https://www.talkspace.ng/wp-content/uploads/2024/08/istockphoto-1289177102-612x612-1-jpg.avif","media_asset","wordpress_rest","2024-08-10T06:48:33","200","https://www.talkspace.ng/wp-content/uploads/2024/08/istockphoto-1289177102-612x612-1-jpg.avif","true","image/avif",""
"https://www.talkspace.ng/wp-content/uploads/2024/08/istockphoto-1304231661-612x612-1-jpg.avif","media_asset","wordpress_rest","2024-08-02T14:03:36","200","https://www.talkspace.ng/wp-content/uploads/2024/08/istockphoto-1304231661-612x612-1-jpg.avif","true","image/avif",""
"https://www.talkspace.ng/wp-content/uploads/2024/08/istockphoto-1320769147-612x612-1-jpg.avif","media_asset","wordpress_rest","2024-08-02T11:30:10","200","https://www.talkspace.ng/wp-content/uploads/2024/08/istockphoto-1320769147-612x612-1-jpg.avif","true","image/avif",""
"https://www.talkspace.ng/wp-content/uploads/2024/08/istockphoto-1324146185-612x612-1-jpg.avif","media_asset","wordpress_rest","2024-08-09T21:26:05","200","https://www.talkspace.ng/wp-content/uploads/2024/08/istockphoto-1324146185-612x612-1-jpg.avif","true","image/avif",""
"https://www.talkspace.ng/wp-content/uploads/2024/08/istockphoto-1465500345-612x612-1-jpg.avif","media_asset","wordpress_rest","2024-08-09T18:52:29","200","https://www.talkspace.ng/wp-content/uploads/2024/08/istockphoto-1465500345-612x612-1-jpg.avif","true","image/avif",""
"https://www.talkspace.ng/wp-content/uploads/2025/01/istockphoto-467196868-612x612-1.avif","media_asset","wordpress_rest","2025-01-30T03:27:34","200","https://www.talkspace.ng/wp-content/uploads/2025/01/istockphoto-467196868-612x612-1.avif","true","image/avif",""
"https://www.talkspace.ng/wp-content/uploads/2025/02/istockphoto-1164159024-612x612-1.avif","media_asset","wordpress_rest","2025-02-21T14:59:00","200","https://www.talkspace.ng/wp-content/uploads/2025/02/istockphoto-1164159024-612x612-1.avif","true","image/avif",""
"https://www.talkspace.ng/wp-content/uploads/2025/02/istockphoto-1182064553-612x612-1.avif","media_asset","wordpress_rest","2025-02-26T18:12:38","200","https://www.talkspace.ng/wp-content/uploads/2025/02/istockphoto-1182064553-612x612-1.avif","true","image/avif",""
"https://www.talkspace.ng/wp-content/uploads/2025/03/black-woman-appears-be-pain-grey-background_731930-148402.avif","media_asset","wordpress_rest","2025-03-16T16:57:36","200","https://www.talkspace.ng/wp-content/uploads/2025/03/black-woman-appears-be-pain-grey-background_731930-148402.avif","true","image/avif",""
"https://www.talkspace.ng/wp-content/uploads/2025/03/istockphoto-1387274136-612x612-1.avif","media_asset","wordpress_rest","2025-03-06T12:45:54","200","https://www.talkspace.ng/wp-content/uploads/2025/03/istockphoto-1387274136-612x612-1.avif","true","image/avif",""
"https://www.talkspace.ng/wp-content/uploads/2025/04/istockphoto-147002017-612x612-1.avif","media_asset","wordpress_rest","2025-04-10T22:52:57","200","https://www.talkspace.ng/wp-content/uploads/2025/04/istockphoto-147002017-612x612-1.avif","true","image/avif",""
"https://www.talkspace.ng/wp-content/uploads/2025/06/FA91F352-CA9C-4E15-999B-0AFBC6B07123.avif","media_asset","wordpress_rest","2025-06-15T04:38:11","200","https://www.talkspace.ng/wp-content/uploads/2025/06/FA91F352-CA9C-4E15-999B-0AFBC6B07123.avif","true","image/avif",""
"https://www.talkspace.ng/wp-content/uploads/2025/12/Gemini_Generated_Image_g9n8hag9n8hag9n8.avif","media_asset","wordpress_rest","2025-12-24T12:13:46","200","https://www.talkspace.ng/wp-content/uploads/2025/12/Gemini_Generated_Image_g9n8hag9n8hag9n8.avif","true","image/avif",""
"https://www.talkspace.ng/wp-content/uploads/2026/02/Banner-New.avif","media_asset","wordpress_rest","2026-02-26T13:58:25","200","https://www.talkspace.ng/wp-content/uploads/2026/02/Banner-New.avif","true","image/avif",""
"https://www.talkspace.ng/wp-content/uploads/2026/02/Gemini_Generated_Image_oipssboipssboips-e1772135328768.avif","media_asset","wordpress_rest","2026-02-26T19:49:00","200","https://www.talkspace.ng/wp-content/uploads/2026/02/Gemini_Generated_Image_oipssboipssboips-e1772135328768.avif","true","image/avif",""
"https://www.talkspace.ng/wp-content/uploads/2026/02/Screenshot-2026-02-27-at-13.27.10-e1772195424266.avif","media_asset","wordpress_rest","2026-02-27T12:28:41","200","https://www.talkspace.ng/wp-content/uploads/2026/02/Screenshot-2026-02-27-at-13.27.10-e1772195424266.avif","true","image/avif",""
"https://www.talkspace.ng/your-marriage-vows","sitemap_post|content_post","sitemap|wordpress_rest","2024-04-09T02:45:27+00:00","200","https://www.talkspace.ng/your-marriage-vows","true","text/html; charset=UTF-8",""
"https://www.talkspace.ng/your-marriage-vows/t30_vows-pure-photography","media_attachment","wordpress_rest","2022-11-30T15:07:54","429","https://www.talkspace.ng/your-marriage-vows/t30_vows-pure-photography","false","text/html; charset=UTF-8",""
"https://www.talkspace.ng/your-spouse-or-your-child-who-deserves-more-love","sitemap_post|content_post","sitemap|wordpress_rest","2024-04-09T02:25:53+00:00","200","https://www.talkspace.ng/your-spouse-or-your-child-who-deserves-more-love","true","text/html; charset=UTF-8",""
"https://www.talkspace.ng/your-spouse-or-your-child-who-deserves-more-love/woman_with_her_husband_and_children_924x","media_attachment","wordpress_rest","2022-11-30T15:07:52","429","https://www.talkspace.ng/your-spouse-or-your-child-who-deserves-more-love/woman_with_her_husband_and_children_924x","false","text/html; charset=UTF-8",""
"https://www.talkspace.ng/your-wedding-vows","sitemap_post|content_post","sitemap|wordpress_rest","2024-04-09T02:41:58+00:00","200","https://www.talkspace.ng/your-wedding-vows","true","text/html; charset=UTF-8",""
